dataset,experiment_track,clients,partition,alpha,run_type,algorithm,model,calibration,threshold_strategy,round,client_left,client_right,top_k,spearman_top_feature_stability_mean,spearman_top_feature_stability_std,spearman_top_feature_stability_ci95_low,spearman_top_feature_stability_ci95_high,spearman_top_feature_stability_n,spearman_rank_correlation_mean,spearman_rank_correlation_std,spearman_rank_correlation_ci95_low,spearman_rank_correlation_ci95_high,spearman_rank_correlation_n,top_k_overlap_mean,top_k_overlap_std,top_k_overlap_ci95_low,top_k_overlap_ci95_high,top_k_overlap_n
cdc,audit,3,iid,0.5,federated,fedavg,logistic,none,calib_f1_optimal,2.0,,,,,0.0,,,0,,0.0,,,0,,0.0,,,0
cdc,audit,3,iid,0.5,federated,fedavg,logistic,none,calib_f1_optimal,3.0,,,,0.9627705627705628,0.019013152602595486,0.941255155174989,0.9842859703661366,3,,0.0,,,0,,0.0,,,0
cdc,audit,3,iid,0.5,federated,fedavg,logistic,none,calib_f1_optimal,4.0,,,,0.9835497835497836,0.00270346233696912,0.9804905279221171,0.9866090391774501,3,,0.0,,,0,,0.0,,,0
cdc,audit,3,iid,0.5,federated,fedavg,logistic,none,calib_f1_optimal,5.0,,,,0.9896103896103897,0.007792207792207906,0.9807926764082208,0.9984281028125587,3,,0.0,,,0,,0.0,,,0
cdc,audit,3,iid,0.5,federated,fedavg,logistic,none,calib_f1_optimal,6.0,,,,0.9813852813852814,0.012746694254835865,0.966961038961039,0.9958095238095237,3,,0.0,,,0,,0.0,,,0
cdc,audit,3,iid,0.5,federated,fedavg,logistic,none,calib_f1_optimal,7.0,,,,0.9926406926406924,0.001499611088804095,0.9909437229437229,0.994337662337662,3,,0.0,,,0,,0.0,,,0
cdc,audit,3,iid,0.5,federated,fedavg,logistic,none,calib_f1_optimal,8.0,,,,0.997835497835498,0.0007498055444020154,0.9969870129870132,0.9986839826839827,3,,0.0,,,0,,0.0,,,0
cdc,audit,3,iid,0.5,federated,fedavg,logistic,none,calib_f1_optimal,9.0,,,,0.9952380952380953,0.005998444355216893,0.9884502164502165,1.002025974025974,3,,0.0,,,0,,0.0,,,0
cdc,audit,3,iid,0.5,federated,fedavg,logistic,none,calib_f1_optimal,10.0,,,,0.9935064935064936,0.003436040663720354,0.9896182474622884,0.9973947395506987,3,,0.0,,,0,,0.0,,,0
cdc,audit,3,iid,0.5,federated,fedavg,logistic,none,calib_f1_optimal,11.0,,,,0.9982683982683985,0.001499611088804095,0.996571428571429,0.9999653679653681,3,,0.0,,,0,,0.0,,,0
cdc,audit,3,iid,0.5,federated,fedavg,logistic,none,calib_f1_optimal,12.0,,,,0.9961038961038962,0.0038961038961037864,0.9916950395028119,1.0005127527049804,3,,0.0,,,0,,0.0,,,0
cdc,audit,3,iid,0.5,federated,fedavg,logistic,none,calib_f1_optimal,13.0,,,,0.9991341991341992,0.001499611088804095,0.9974372294372297,1.0008311688311688,3,,0.0,,,0,,0.0,,,0
cdc,audit,3,iid,0.5,federated,fedavg,logistic,none,calib_f1_optimal,14.0,,,,0.9987012987012989,0.0012987012987011881,0.9972316798342709,1.0001709175683269,3,,0.0,,,0,,0.0,,,0
cdc,audit,3,iid,0.5,federated,fedavg,logistic,none,calib_f1_optimal,15.0,,,,0.9987012987012988,0.002249416633206367,0.9961558441558441,1.0012467532467533,3,,0.0,,,0,,0.0,,,0
cdc,audit,3,iid,0.5,federated,fedavg,logistic,none,calib_f1_optimal,16.0,,,,0.9987012987012989,0.0012987012987011881,0.9972316798342709,1.0001709175683269,3,,0.0,,,0,,0.0,,,0
cdc,audit,3,iid,0.5,federated,fedavg,logistic,none,calib_f1_optimal,17.0,,,,0.9991341991341992,0.0007498055444020796,0.9982857142857144,0.999982683982684,3,,0.0,,,0,,0.0,,,0
cdc,audit,3,iid,0.5,federated,fedavg,logistic,none,calib_f1_optimal,18.0,,,,0.9982683982683983,0.0019837990021454224,0.996023518368101,1.0005132781686956,3,,0.0,,,0,,0.0,,,0
cdc,audit,3,iid,0.5,federated,fedavg,logistic,none,calib_f1_optimal,19.0,,,,0.9982683982683983,0.0019837990021454224,0.996023518368101,1.0005132781686956,3,,0.0,,,0,,0.0,,,0
cdc,audit,3,iid,0.5,federated,fedavg,logistic,none,calib_f1_optimal,20.0,,,,0.9982683982683983,0.0019837990021454224,0.996023518368101,1.0005132781686956,3,,0.0,,,0,,0.0,,,0
cdc,audit,3,iid,0.5,federated,fedavg,logistic,none,calib_f1_optimal,21.0,,,,0.9991341991341992,0.0007498055444020796,0.9982857142857144,0.999982683982684,3,,0.0,,,0,,0.0,,,0
cdc,audit,3,iid,0.5,federated,fedavg,logistic,none,calib_f1_optimal,22.0,,,,0.9987012987012988,0.0,0.9987012987012988,0.9987012987012988,1,,0.0,,,0,,0.0,,,0
cdc,audit,3,iid,0.5,federated,fedavg,logistic,none,calib_f1_optimal,23.0,,,,1.0,0.0,1.0,1.0,1,,0.0,,,0,,0.0,,,0
cdc,audit,3,iid,0.5,federated,fedavg,logistic,none,calib_f1_optimal,24.0,,,,0.9987012987012988,0.0,0.9987012987012988,0.9987012987012988,1,,0.0,,,0,,0.0,,,0
cdc,audit,3,iid,0.5,federated,fedavg,logistic,none,calib_f1_optimal,25.0,,,,0.9987012987012988,0.0,0.9987012987012988,0.9987012987012988,1,,0.0,,,0,,0.0,,,0
cdc,audit,3,iid,0.5,federated,fedavg,logistic,none,calib_f1_optimal,26.0,,,,1.0,0.0,1.0,1.0,1,,0.0,,,0,,0.0,,,0
cdc,audit,3,iid,0.5,federated,fedavg,logistic,none,calib_f1_optimal,27.0,,,,0.9987012987012988,0.0,0.9987012987012988,0.9987012987012988,1,,0.0,,,0,,0.0,,,0
cdc,audit,3,iid,0.5,federated,fedavg,logistic,none,calib_f1_optimal,28.0,,,,1.0,0.0,1.0,1.0,1,,0.0,,,0,,0.0,,,0
cdc,audit,3,iid,0.5,federated,fedavg,logistic,none,calib_f1_optimal,29.0,,,,0.9987012987012988,0.0,0.9987012987012988,0.9987012987012988,1,,0.0,,,0,,0.0,,,0
cdc,audit,3,iid,0.5,federated,fedavg,logistic,none,calib_f1_optimal,30.0,,,,1.0,0.0,1.0,1.0,1,,0.0,,,0,,0.0,,,0
cdc,audit,3,iid,0.5,federated,fedavg,logistic,none,calib_f1_optimal,31.0,,,,0.9987012987012988,0.0,0.9987012987012988,0.9987012987012988,1,,0.0,,,0,,0.0,,,0
cdc,audit,3,iid,0.5,federated,fedavg,logistic,none,calib_f1_optimal,,0.0,1.0,5.0,,0.0,,,0,0.9770562770562771,0.015052241256029164,0.9600230625957689,0.9940894915167853,3,1.0,0.0,1.0,1.0,3
cdc,audit,3,iid,0.5,federated,fedavg,logistic,none,calib_f1_optimal,,0.0,2.0,5.0,,0.0,,,0,0.9796536796536796,0.02295188942305032,0.9536811717615347,1.0056261875458246,3,1.0,0.0,1.0,1.0,3
cdc,audit,3,iid,0.5,federated,fedavg,logistic,none,calib_f1_optimal,,1.0,2.0,5.0,,0.0,,,0,0.9744588744588745,0.022951889423050344,0.9484863665667296,1.0004313823510194,3,1.0,0.0,1.0,1.0,3
cdc,audit,3,iid,0.5,federated,fedprox,logistic,none,calib_f1_optimal,2.0,,,,,0.0,,,0,,0.0,,,0,,0.0,,,0
cdc,audit,3,iid,0.5,federated,fedprox,logistic,none,calib_f1_optimal,3.0,,,,0.9627705627705628,0.019013152602595486,0.941255155174989,0.9842859703661366,3,,0.0,,,0,,0.0,,,0
cdc,audit,3,iid,0.5,federated,fedprox,logistic,none,calib_f1_optimal,4.0,,,,0.9831168831168832,0.0034360406637202693,0.9792286370726782,0.9870051291610882,3,,0.0,,,0,,0.0,,,0
cdc,audit,3,iid,0.5,federated,fedprox,logistic,none,calib_f1_optimal,5.0,,,,0.9909090909090909,0.006493506493506607,0.98356099657395,0.9982571852442317,3,,0.0,,,0,,0.0,,,0
cdc,audit,3,iid,0.5,federated,fedprox,logistic,none,calib_f1_optimal,6.0,,,,0.9813852813852814,0.01281268275926292,0.9668863659386819,0.9958841968318808,3,,0.0,,,0,,0.0,,,0
cdc,audit,3,iid,0.5,federated,fedprox,logistic,none,calib_f1_optimal,7.0,,,,0.9930735930735931,0.00270346233696896,0.9900143374459267,0.9961328487012595,3,,0.0,,,0,,0.0,,,0
cdc,audit,3,iid,0.5,federated,fedprox,logistic,none,calib_f1_optimal,8.0,,,,0.9969696969696971,0.0019837990021454345,0.9947248170693997,0.9992145768699944,3,,0.0,,,0,,0.0,,,0
cdc,audit,3,iid,0.5,federated,fedprox,logistic,none,calib_f1_optimal,9.0,,,,0.9965367965367967,0.003749027722010462,0.9922943722943726,1.0007792207792208,3,,0.0,,,0,,0.0,,,0
cdc,audit,3,iid,0.5,federated,fedprox,logistic,none,calib_f1_optimal,10.0,,,,0.9935064935064936,0.003436040663720354,0.9896182474622884,0.9973947395506987,3,,0.0,,,0,,0.0,,,0
cdc,audit,3,iid,0.5,federated,fedprox,logistic,none,calib_f1_optimal,11.0,,,,0.9974025974025974,0.002249416633206367,0.9948571428571428,0.999948051948052,3,,0.0,,,0,,0.0,,,0
cdc,audit,3,iid,0.5,federated,fedprox,logistic,none,calib_f1_optimal,12.0,,,,0.9965367965367967,0.003749027722010462,0.9922943722943726,1.0007792207792208,3,,0.0,,,0,,0.0,,,0
cdc,audit,3,iid,0.5,federated,fedprox,logistic,none,calib_f1_optimal,13.0,,,,0.9987012987012989,0.0012987012987011881,0.9972316798342709,1.0001709175683269,3,,0.0,,,0,,0.0,,,0
cdc,audit,3,iid,0.5,federated,fedprox,logistic,none,calib_f1_optimal,14.0,,,,0.9991341991341992,0.0007498055444020796,0.9982857142857144,0.999982683982684,3,,0.0,,,0,,0.0,,,0
cdc,audit,3,iid,0.5,federated,fedprox,logistic,none,calib_f1_optimal,15.0,,,,0.9991341991341992,0.0007498055444020796,0.9982857142857144,0.999982683982684,3,,0.0,,,0,,0.0,,,0
cdc,audit,3,iid,0.5,federated,fedprox,logistic,none,calib_f1_optimal,16.0,,,,0.9982683982683983,0.0007498055444020154,0.9974199134199135,0.9991168831168831,3,,0.0,,,0,,0.0,,,0
cdc,audit,3,iid,0.5,federated,fedprox,logistic,none,calib_f1_optimal,17.0,,,,0.9995670995670997,0.0007498055444020796,0.9987186147186149,1.0004155844155844,3,,0.0,,,0,,0.0,,,0
cdc,audit,3,iid,0.5,federated,fedprox,logistic,none,calib_f1_optimal,18.0,,,,0.9978354978354979,0.0027034623369690132,0.9947762422078315,1.0008947534631643,3,,0.0,,,0,,0.0,,,0
cdc,audit,3,iid,0.5,federated,fedprox,logistic,none,calib_f1_optimal,19.0,,,,0.9982683982683983,0.0019837990021454224,0.996023518368101,1.0005132781686956,3,,0.0,,,0,,0.0,,,0
cdc,audit,3,iid,0.5,federated,fedprox,logistic,none,calib_f1_optimal,20.0,,,,0.9982683982683983,0.0019837990021454224,0.996023518368101,1.0005132781686956,3,,0.0,,,0,,0.0,,,0
cdc,audit,3,iid,0.5,federated,fedprox,logistic,none,calib_f1_optimal,21.0,,,,0.9995670995670997,0.0007498055444020796,0.9987186147186149,1.0004155844155844,3,,0.0,,,0,,0.0,,,0
cdc,audit,3,iid,0.5,federated,fedprox,logistic,none,calib_f1_optimal,22.0,,,,0.9987012987012988,0.0,0.9987012987012988,0.9987012987012988,1,,0.0,,,0,,0.0,,,0
cdc,audit,3,iid,0.5,federated,fedprox,logistic,none,calib_f1_optimal,23.0,,,,1.0,0.0,1.0,1.0,1,,0.0,,,0,,0.0,,,0
cdc,audit,3,iid,0.5,federated,fedprox,logistic,none,calib_f1_optimal,24.0,,,,0.9987012987012988,0.0,0.9987012987012988,0.9987012987012988,1,,0.0,,,0,,0.0,,,0
cdc,audit,3,iid,0.5,federated,fedprox,logistic,none,calib_f1_optimal,25.0,,,,0.9987012987012988,0.0,0.9987012987012988,0.9987012987012988,1,,0.0,,,0,,0.0,,,0
cdc,audit,3,iid,0.5,federated,fedprox,logistic,none,calib_f1_optimal,26.0,,,,1.0,0.0,1.0,1.0,1,,0.0,,,0,,0.0,,,0
cdc,audit,3,iid,0.5,federated,fedprox,logistic,none,calib_f1_optimal,27.0,,,,1.0,0.0,1.0,1.0,1,,0.0,,,0,,0.0,,,0
cdc,audit,3,iid,0.5,federated,fedprox,logistic,none,calib_f1_optimal,28.0,,,,0.9987012987012988,0.0,0.9987012987012988,0.9987012987012988,1,,0.0,,,0,,0.0,,,0
cdc,audit,3,iid,0.5,federated,fedprox,logistic,none,calib_f1_optimal,29.0,,,,1.0,0.0,1.0,1.0,1,,0.0,,,0,,0.0,,,0
cdc,audit,3,iid,0.5,federated,fedprox,logistic,none,calib_f1_optimal,30.0,,,,0.9987012987012988,0.0,0.9987012987012988,0.9987012987012988,1,,0.0,,,0,,0.0,,,0
cdc,audit,3,iid,0.5,federated,fedprox,logistic,none,calib_f1_optimal,31.0,,,,0.9987012987012988,0.0,0.9987012987012988,0.9987012987012988,1,,0.0,,,0,,0.0,,,0
cdc,audit,3,iid,0.5,federated,fedprox,logistic,none,calib_f1_optimal,,0.0,1.0,5.0,,0.0,,,0,0.9783549783549783,0.015493965513569932,0.9608219058412325,0.9958880508687241,3,1.0,0.0,1.0,1.0,3
cdc,audit,3,iid,0.5,federated,fedprox,logistic,none,calib_f1_optimal,,0.0,2.0,5.0,,0.0,,,0,0.9796536796536796,0.02295188942305032,0.9536811717615347,1.0056261875458246,3,1.0,0.0,1.0,1.0,3
cdc,audit,3,iid,0.5,federated,fedprox,logistic,none,calib_f1_optimal,,1.0,2.0,5.0,,0.0,,,0,0.9757575757575757,0.02399377742086757,0.9486060606060606,1.002909090909091,3,1.0,0.0,1.0,1.0,3
cdc,audit,3,non_iid,0.5,federated,fedavg,logistic,none,calib_f1_optimal,2.0,,,,,0.0,,,0,,0.0,,,0,,0.0,,,0
cdc,audit,3,non_iid,0.5,federated,fedavg,logistic,none,calib_f1_optimal,3.0,,,,0.9727272727272727,0.0038961038961038974,0.9683184161261883,0.977136129328357,3,,0.0,,,0,,0.0,,,0
cdc,audit,3,non_iid,0.5,federated,fedavg,logistic,none,calib_f1_optimal,4.0,,,,0.9818181818181818,0.011321815437767935,0.969006341564389,0.9946300220719746,3,,0.0,,,0,,0.0,,,0
cdc,audit,3,non_iid,0.5,federated,fedavg,logistic,none,calib_f1_optimal,5.0,,,,0.9913419913419914,0.0032683265953552822,0.9876435316323205,0.9950404510516623,3,,0.0,,,0,,0.0,,,0
cdc,audit,3,non_iid,0.5,federated,fedavg,logistic,none,calib_f1_optimal,6.0,,,,0.989177489177489,0.010497277621629731,0.977298701298701,1.0010562770562772,3,,0.0,,,0,,0.0,,,0
cdc,audit,3,non_iid,0.5,federated,fedavg,logistic,none,calib_f1_optimal,7.0,,,,0.9939393939393938,0.001983799002145289,0.9916945140390967,0.9961842738396909,3,,0.0,,,0,,0.0,,,0
cdc,audit,3,non_iid,0.5,federated,fedavg,logistic,none,calib_f1_optimal,8.0,,,,0.9930735930735931,0.0029992221776084464,0.9896796536796537,0.9964675324675325,3,,0.0,,,0,,0.0,,,0
cdc,audit,3,non_iid,0.5,federated,fedavg,logistic,none,calib_f1_optimal,9.0,,,,0.9982683982683983,0.0019837990021454224,0.996023518368101,1.0005132781686956,3,,0.0,,,0,,0.0,,,0
cdc,audit,3,non_iid,0.5,federated,fedavg,logistic,none,calib_f1_optimal,10.0,,,,0.9961038961038963,0.0034360406637201856,0.9922156500596914,0.9999921421481012,3,,0.0,,,0,,0.0,,,0
cdc,audit,3,non_iid,0.5,federated,fedavg,logistic,none,calib_f1_optimal,11.0,,,,0.9952380952380953,0.004560889070499049,0.9900769633942058,1.0003992270819846,3,,0.0,,,0,,0.0,,,0
cdc,audit,3,non_iid,0.5,federated,fedavg,logistic,none,calib_f1_optimal,12.0,,,,0.993939393939394,0.004916803762597675,0.9883755067066529,0.9995032811721352,3,,0.0,,,0,,0.0,,,0
cdc,audit,3,non_iid,0.5,federated,fedavg,logistic,none,calib_f1_optimal,13.0,,,,0.9987012987012989,0.0012987012987011881,0.9972316798342709,1.0001709175683269,3,,0.0,,,0,,0.0,,,0
cdc,audit,3,non_iid,0.5,federated,fedavg,logistic,none,calib_f1_optimal,14.0,,,,0.9948051948051949,0.0034360406637203534,0.9909169487609898,0.9986934408494,3,,0.0,,,0,,0.0,,,0
cdc,audit,3,non_iid,0.5,federated,fedavg,logistic,none,calib_f1_optimal,15.0,,,,0.9965367965367965,0.002703462336969218,0.9934775409091299,0.9995960521644631,3,,0.0,,,0,,0.0,,,0
cdc,audit,3,non_iid,0.5,federated,fedavg,logistic,none,calib_f1_optimal,16.0,,,,0.9978354978354979,0.0027034623369690132,0.9947762422078315,1.0008947534631643,3,,0.0,,,0,,0.0,,,0
cdc,audit,3,non_iid,0.5,federated,fedavg,logistic,none,calib_f1_optimal,17.0,,,,0.9978354978354979,0.0027034623369690132,0.9947762422078315,1.0008947534631643,3,,0.0,,,0,,0.0,,,0
cdc,audit,3,non_iid,0.5,federated,fedavg,logistic,none,calib_f1_optimal,18.0,,,,0.9978354978354979,0.0027034623369690132,0.9947762422078315,1.0008947534631643,3,,0.0,,,0,,0.0,,,0
cdc,audit,3,non_iid,0.5,federated,fedavg,logistic,none,calib_f1_optimal,19.0,,,,0.9952380952380953,0.0007498055444020796,0.9943896103896105,0.99608658008658,3,,0.0,,,0,,0.0,,,0
cdc,audit,3,non_iid,0.5,federated,fedavg,logistic,none,calib_f1_optimal,20.0,,,,0.9965367965367967,0.003967598004290676,0.9920470367362024,1.001026556337391,3,,0.0,,,0,,0.0,,,0
cdc,audit,3,non_iid,0.5,federated,fedavg,logistic,none,calib_f1_optimal,21.0,,,,0.9991341991341992,0.0007498055444020796,0.9982857142857144,0.999982683982684,3,,0.0,,,0,,0.0,,,0
cdc,audit,3,non_iid,0.5,federated,fedavg,logistic,none,calib_f1_optimal,22.0,,,,0.9857142857142858,0.0,0.9857142857142858,0.9857142857142858,1,,0.0,,,0,,0.0,,,0
cdc,audit,3,non_iid,0.5,federated,fedavg,logistic,none,calib_f1_optimal,23.0,,,,0.9922077922077924,0.0,0.9922077922077924,0.9922077922077924,1,,0.0,,,0,,0.0,,,0
cdc,audit,3,non_iid,0.5,federated,fedavg,logistic,none,calib_f1_optimal,24.0,,,,0.9935064935064932,0.0,0.9935064935064932,0.9935064935064932,1,,0.0,,,0,,0.0,,,0
cdc,audit,3,non_iid,0.5,federated,fedavg,logistic,none,calib_f1_optimal,25.0,,,,0.9896103896103896,0.0,0.9896103896103896,0.9896103896103896,1,,0.0,,,0,,0.0,,,0
cdc,audit,3,non_iid,0.5,federated,fedavg,logistic,none,calib_f1_optimal,26.0,,,,0.9948051948051948,0.0,0.9948051948051948,0.9948051948051948,1,,0.0,,,0,,0.0,,,0
cdc,audit,3,non_iid,0.5,federated,fedavg,logistic,none,calib_f1_optimal,27.0,,,,0.996103896103896,0.0,0.996103896103896,0.996103896103896,1,,0.0,,,0,,0.0,,,0
cdc,audit,3,non_iid,0.5,federated,fedavg,logistic,none,calib_f1_optimal,28.0,,,,0.9909090909090909,0.0,0.9909090909090909,0.9909090909090909,1,,0.0,,,0,,0.0,,,0
cdc,audit,3,non_iid,0.5,federated,fedavg,logistic,none,calib_f1_optimal,29.0,,,,0.9896103896103896,0.0,0.9896103896103896,0.9896103896103896,1,,0.0,,,0,,0.0,,,0
cdc,audit,3,non_iid,0.5,federated,fedavg,logistic,none,calib_f1_optimal,30.0,,,,0.9857142857142858,0.0,0.9857142857142858,0.9857142857142858,1,,0.0,,,0,,0.0,,,0
cdc,audit,3,non_iid,0.5,federated,fedavg,logistic,none,calib_f1_optimal,31.0,,,,0.9844155844155844,0.0,0.9844155844155844,0.9844155844155844,1,,0.0,,,0,,0.0,,,0
cdc,audit,3,non_iid,0.5,federated,fedavg,logistic,none,calib_f1_optimal,,0.0,1.0,5.0,,0.0,,,0,0.9207792207792208,0.11696966492672943,0.7884155844155843,1.0531428571428572,3,1.0,0.0,1.0,1.0,3
cdc,audit,3,non_iid,0.5,federated,fedavg,logistic,none,calib_f1_optimal,,0.0,2.0,5.0,,0.0,,,0,0.9354978354978355,0.06013889210784544,0.8674442726252638,1.0035513983704072,3,1.0,0.0,1.0,1.0,3
cdc,audit,3,non_iid,0.5,federated,fedavg,logistic,none,calib_f1_optimal,,1.0,2.0,5.0,,0.0,,,0,0.9601731601731602,0.03362441078637474,0.9221235574402025,0.998222762906118,3,1.0,0.0,1.0,1.0,3
cdc,audit,3,non_iid,0.5,federated,fedprox,logistic,none,calib_f1_optimal,2.0,,,,,0.0,,,0,,0.0,,,0,,0.0,,,0
cdc,audit,3,non_iid,0.5,federated,fedprox,logistic,none,calib_f1_optimal,3.0,,,,0.9761904761904763,0.005998444355216893,0.9694025974025975,0.9829783549783551,3,,0.0,,,0,,0.0,,,0
cdc,audit,3,non_iid,0.5,federated,fedprox,logistic,none,calib_f1_optimal,4.0,,,,0.9783549783549784,0.007152689022449472,0.9702609487671983,0.9864490079427586,3,,0.0,,,0,,0.0,,,0
cdc,audit,3,non_iid,0.5,federated,fedprox,logistic,none,calib_f1_optimal,5.0,,,,0.9891774891774893,0.005856168510159577,0.9825506106645988,0.9958043676903797,3,,0.0,,,0,,0.0,,,0
cdc,audit,3,non_iid,0.5,federated,fedprox,logistic,none,calib_f1_optimal,6.0,,,,0.9883116883116881,0.00936506824795854,0.9777141159507695,0.9989092606726068,3,,0.0,,,0,,0.0,,,0
cdc,audit,3,non_iid,0.5,federated,fedprox,logistic,none,calib_f1_optimal,7.0,,,,0.9952380952380953,0.0007498055444020796,0.9943896103896105,0.99608658008658,3,,0.0,,,0,,0.0,,,0
cdc,audit,3,non_iid,0.5,federated,fedprox,logistic,none,calib_f1_optimal,8.0,,,,0.992207792207792,0.00468253412397927,0.9869090060273327,0.9975065783882513,3,,0.0,,,0,,0.0,,,0
cdc,audit,3,non_iid,0.5,federated,fedprox,logistic,none,calib_f1_optimal,9.0,,,,0.997835497835498,0.0007498055444020154,0.9969870129870132,0.9986839826839827,3,,0.0,,,0,,0.0,,,0
cdc,audit,3,non_iid,0.5,federated,fedprox,logistic,none,calib_f1_optimal,10.0,,,,0.9948051948051949,0.004682534123979224,0.9895064086247356,1.0001039809856542,3,,0.0,,,0,,0.0,,,0
cdc,audit,3,non_iid,0.5,federated,fedprox,logistic,none,calib_f1_optimal,11.0,,,,0.9956709956709958,0.004174740589174539,0.9909468319692005,1.000395159372791,3,,0.0,,,0,,0.0,,,0
cdc,audit,3,non_iid,0.5,federated,fedprox,logistic,none,calib_f1_optimal,12.0,,,,0.9935064935064934,0.004498833266412606,0.9884155844155844,0.9985974025974025,3,,0.0,,,0,,0.0,,,0
cdc,audit,3,non_iid,0.5,federated,fedprox,logistic,none,calib_f1_optimal,13.0,,,,0.9987012987012989,0.0012987012987011881,0.9972316798342709,1.0001709175683269,3,,0.0,,,0,,0.0,,,0
cdc,audit,3,non_iid,0.5,federated,fedprox,logistic,none,calib_f1_optimal,14.0,,,,0.9956709956709956,0.0019837990021456284,0.9934261157706981,0.9979158755712931,3,,0.0,,,0,,0.0,,,0
cdc,audit,3,non_iid,0.5,federated,fedprox,logistic,none,calib_f1_optimal,15.0,,,,0.9961038961038962,0.002249416633206623,0.9935584415584413,0.998649350649351,3,,0.0,,,0,,0.0,,,0
cdc,audit,3,non_iid,0.5,federated,fedprox,logistic,none,calib_f1_optimal,16.0,,,,0.9978354978354979,0.0027034623369690132,0.9947762422078315,1.0008947534631643,3,,0.0,,,0,,0.0,,,0
cdc,audit,3,non_iid,0.5,federated,fedprox,logistic,none,calib_f1_optimal,17.0,,,,0.9982683982683982,0.0029992221776084464,0.9948744588744588,1.0016623376623377,3,,0.0,,,0,,0.0,,,0
cdc,audit,3,non_iid,0.5,federated,fedprox,logistic,none,calib_f1_optimal,18.0,,,,0.9974025974025974,0.002249416633206367,0.9948571428571428,0.999948051948052,3,,0.0,,,0,,0.0,,,0
cdc,audit,3,non_iid,0.5,federated,fedprox,logistic,none,calib_f1_optimal,19.0,,,,0.9961038961038962,0.002249416633206367,0.9935584415584415,0.9986493506493508,3,,0.0,,,0,,0.0,,,0
cdc,audit,3,non_iid,0.5,federated,fedprox,logistic,none,calib_f1_optimal,20.0,,,,0.9965367965367967,0.003749027722010462,0.9922943722943726,1.0007792207792208,3,,0.0,,,0,,0.0,,,0
cdc,audit,3,non_iid,0.5,federated,fedprox,logistic,none,calib_f1_optimal,21.0,,,,0.9987012987012989,0.0012987012987011881,0.9972316798342709,1.0001709175683269,3,,0.0,,,0,,0.0,,,0
cdc,audit,3,non_iid,0.5,federated,fedprox,logistic,none,calib_f1_optimal,22.0,,,,0.9857142857142858,0.0,0.9857142857142858,0.9857142857142858,1,,0.0,,,0,,0.0,,,0
cdc,audit,3,non_iid,0.5,federated,fedprox,logistic,none,calib_f1_optimal,23.0,,,,0.9922077922077924,0.0,0.9922077922077924,0.9922077922077924,1,,0.0,,,0,,0.0,,,0
cdc,audit,3,non_iid,0.5,federated,fedprox,logistic,none,calib_f1_optimal,24.0,,,,0.9935064935064932,0.0,0.9935064935064932,0.9935064935064932,1,,0.0,,,0,,0.0,,,0
cdc,audit,3,non_iid,0.5,federated,fedprox,logistic,none,calib_f1_optimal,25.0,,,,0.9896103896103896,0.0,0.9896103896103896,0.9896103896103896,1,,0.0,,,0,,0.0,,,0
cdc,audit,3,non_iid,0.5,federated,fedprox,logistic,none,calib_f1_optimal,26.0,,,,0.9948051948051948,0.0,0.9948051948051948,0.9948051948051948,1,,0.0,,,0,,0.0,,,0
cdc,audit,3,non_iid,0.5,federated,fedprox,logistic,none,calib_f1_optimal,27.0,,,,0.996103896103896,0.0,0.996103896103896,0.996103896103896,1,,0.0,,,0,,0.0,,,0
cdc,audit,3,non_iid,0.5,federated,fedprox,logistic,none,calib_f1_optimal,28.0,,,,0.9896103896103896,0.0,0.9896103896103896,0.9896103896103896,1,,0.0,,,0,,0.0,,,0
cdc,audit,3,non_iid,0.5,federated,fedprox,logistic,none,calib_f1_optimal,29.0,,,,0.9909090909090909,0.0,0.9909090909090909,0.9909090909090909,1,,0.0,,,0,,0.0,,,0
cdc,audit,3,non_iid,0.5,federated,fedprox,logistic,none,calib_f1_optimal,30.0,,,,0.9883116883116884,0.0,0.9883116883116884,0.9883116883116884,1,,0.0,,,0,,0.0,,,0
cdc,audit,3,non_iid,0.5,federated,fedprox,logistic,none,calib_f1_optimal,31.0,,,,0.9857142857142858,0.0,0.9857142857142858,0.9857142857142858,1,,0.0,,,0,,0.0,,,0
cdc,audit,3,non_iid,0.5,federated,fedprox,logistic,none,calib_f1_optimal,,0.0,1.0,5.0,,0.0,,,0,0.9199134199134199,0.11846927601553364,0.7858528138528138,1.053974025974026,3,1.0,0.0,1.0,1.0,3
cdc,audit,3,non_iid,0.5,federated,fedprox,logistic,none,calib_f1_optimal,,0.0,2.0,5.0,,0.0,,,0,0.935064935064935,0.059400501953398833,0.8678469393110594,1.0022829308188108,3,1.0,0.0,1.0,1.0,3
cdc,audit,3,non_iid,0.5,federated,fedprox,logistic,none,calib_f1_optimal,,1.0,2.0,5.0,,0.0,,,0,0.9584415584415584,0.0333895068368375,0.9206577745512587,0.9962253423318581,3,1.0,0.0,1.0,1.0,3
cdc,audit,5,iid,0.5,federated,fedavg,logistic,none,calib_f1_optimal,2.0,,,,,0.0,,,0,,0.0,,,0,,0.0,,,0
cdc,audit,5,iid,0.5,federated,fedavg,logistic,none,calib_f1_optimal,3.0,,,,0.9714285714285714,0.01463562035010985,0.954866807904741,0.9879903349524018,3,,0.0,,,0,,0.0,,,0
cdc,audit,5,iid,0.5,federated,fedavg,logistic,none,calib_f1_optimal,4.0,,,,0.9714285714285714,0.02362779921903941,0.9446911995992086,0.9981659432579343,3,,0.0,,,0,,0.0,,,0
cdc,audit,5,iid,0.5,federated,fedavg,logistic,none,calib_f1_optimal,5.0,,,,0.9870129870129869,0.007899691597790118,0.9780736444348086,0.9959523295911652,3,,0.0,,,0,,0.0,,,0
cdc,audit,5,iid,0.5,federated,fedavg,logistic,none,calib_f1_optimal,6.0,,,,0.9926406926406927,0.001983799002145386,0.9903958127403955,0.9948855725409899,3,,0.0,,,0,,0.0,,,0
cdc,audit,5,iid,0.5,federated,fedavg,logistic,none,calib_f1_optimal,7.0,,,,0.9922077922077922,0.006748249899618973,0.9845714285714287,0.9998441558441558,3,,0.0,,,0,,0.0,,,0
cdc,audit,5,iid,0.5,federated,fedavg,logistic,none,calib_f1_optimal,8.0,,,,0.9917748917748918,0.0052486388108147495,0.9858354978354978,0.9977142857142857,3,,0.0,,,0,,0.0,,,0
cdc,audit,5,iid,0.5,federated,fedavg,logistic,none,calib_f1_optimal,9.0,,,,0.9896103896103896,0.009090909090909205,0.9793230575411925,0.9998977216795867,3,,0.0,,,0,,0.0,,,0
cdc,audit,5,iid,0.5,federated,fedavg,logistic,none,calib_f1_optimal,10.0,,,,0.9974025974025974,0.0012987012987013546,0.9959329785355692,0.9988722162696256,3,,0.0,,,0,,0.0,,,0
cdc,audit,5,iid,0.5,federated,fedavg,logistic,none,calib_f1_optimal,11.0,,,,0.996969696969697,0.0027034623369690132,0.9939104413420305,1.0000289525973634,3,,0.0,,,0,,0.0,,,0
cdc,audit,5,iid,0.5,federated,fedavg,logistic,none,calib_f1_optimal,12.0,,,,0.9978354978354979,0.0037490277220107184,0.9935930735930735,1.0020779220779223,3,,0.0,,,0,,0.0,,,0
cdc,audit,5,iid,0.5,federated,fedavg,logistic,none,calib_f1_optimal,13.0,,,,0.9974025974025974,0.0034360406637204163,0.9935143513583923,1.0012908434468026,3,,0.0,,,0,,0.0,,,0
cdc,audit,5,iid,0.5,federated,fedavg,logistic,none,calib_f1_optimal,14.0,,,,0.9991341991341992,0.0007498055444020796,0.9982857142857144,0.999982683982684,3,,0.0,,,0,,0.0,,,0
cdc,audit,5,iid,0.5,federated,fedavg,logistic,none,calib_f1_optimal,15.0,,,,0.9987012987012989,0.0012987012987011881,0.9972316798342709,1.0001709175683269,3,,0.0,,,0,,0.0,,,0
cdc,audit,5,iid,0.5,federated,fedavg,logistic,none,calib_f1_optimal,16.0,,,,0.9987012987012988,0.0,0.9987012987012988,0.9987012987012988,3,,0.0,,,0,,0.0,,,0
cdc,audit,5,iid,0.5,federated,fedavg,logistic,none,calib_f1_optimal,17.0,,,,0.9995670995670997,0.0007498055444020796,0.9987186147186149,1.0004155844155844,3,,0.0,,,0,,0.0,,,0
cdc,audit,5,iid,0.5,federated,fedavg,logistic,none,calib_f1_optimal,18.0,,,,0.9987012987012988,0.0,0.9987012987012988,0.9987012987012988,3,,0.0,,,0,,0.0,,,0
cdc,audit,5,iid,0.5,federated,fedavg,logistic,none,calib_f1_optimal,19.0,,,,0.9987012987012989,0.0012987012987011881,0.9972316798342709,1.0001709175683269,3,,0.0,,,0,,0.0,,,0
cdc,audit,5,iid,0.5,federated,fedavg,logistic,none,calib_f1_optimal,20.0,,,,0.9978354978354979,0.0014996110888042874,0.9961385281385281,0.9995324675324676,3,,0.0,,,0,,0.0,,,0
cdc,audit,5,iid,0.5,federated,fedavg,logistic,none,calib_f1_optimal,21.0,,,,0.9991341991341992,0.0007498055444020796,0.9982857142857144,0.999982683982684,3,,0.0,,,0,,0.0,,,0
cdc,audit,5,iid,0.5,federated,fedavg,logistic,none,calib_f1_optimal,22.0,,,,1.0,0.0,1.0,1.0,2,,0.0,,,0,,0.0,,,0
cdc,audit,5,iid,0.5,federated,fedavg,logistic,none,calib_f1_optimal,23.0,,,,0.9993506493506494,0.0009183204950474254,0.9980779220779222,1.0006233766233767,2,,0.0,,,0,,0.0,,,0
cdc,audit,5,iid,0.5,federated,fedavg,logistic,none,calib_f1_optimal,24.0,,,,0.9974025974025974,0.0018366409900950078,0.9948571428571428,0.999948051948052,2,,0.0,,,0,,0.0,,,0
cdc,audit,5,iid,0.5,federated,fedavg,logistic,none,calib_f1_optimal,25.0,,,,0.9993506493506494,0.0009183204950474254,0.9980779220779222,1.0006233766233767,2,,0.0,,,0,,0.0,,,0
cdc,audit,5,iid,0.5,federated,fedavg,logistic,none,calib_f1_optimal,26.0,,,,0.9980519480519481,0.002754961485142433,0.9942337662337662,1.00187012987013,2,,0.0,,,0,,0.0,,,0
cdc,audit,5,iid,0.5,federated,fedavg,logistic,none,calib_f1_optimal,27.0,,,,0.9993506493506494,0.0009183204950474254,0.9980779220779222,1.0006233766233767,2,,0.0,,,0,,0.0,,,0
cdc,audit,5,iid,0.5,federated,fedavg,logistic,none,calib_f1_optimal,28.0,,,,0.9987012987012988,0.0,0.9987012987012988,0.9987012987012988,2,,0.0,,,0,,0.0,,,0
cdc,audit,5,iid,0.5,federated,fedavg,logistic,none,calib_f1_optimal,29.0,,,,1.0,0.0,1.0,1.0,2,,0.0,,,0,,0.0,,,0
cdc,audit,5,iid,0.5,federated,fedavg,logistic,none,calib_f1_optimal,30.0,,,,1.0,0.0,1.0,1.0,2,,0.0,,,0,,0.0,,,0
cdc,audit,5,iid,0.5,federated,fedavg,logistic,none,calib_f1_optimal,31.0,,,,1.0,0.0,1.0,1.0,2,,0.0,,,0,,0.0,,,0
cdc,audit,5,iid,0.5,federated,fedavg,logistic,none,calib_f1_optimal,32.0,,,,1.0,0.0,1.0,1.0,1,,0.0,,,0,,0.0,,,0
cdc,audit,5,iid,0.5,federated,fedavg,logistic,none,calib_f1_optimal,33.0,,,,0.9974025974025976,0.0,0.9974025974025976,0.9974025974025976,1,,0.0,,,0,,0.0,,,0
cdc,audit,5,iid,0.5,federated,fedavg,logistic,none,calib_f1_optimal,34.0,,,,1.0,0.0,1.0,1.0,1,,0.0,,,0,,0.0,,,0
cdc,audit,5,iid,0.5,federated,fedavg,logistic,none,calib_f1_optimal,35.0,,,,0.9974025974025976,0.0,0.9974025974025976,0.9974025974025976,1,,0.0,,,0,,0.0,,,0
cdc,audit,5,iid,0.5,federated,fedavg,logistic,none,calib_f1_optimal,36.0,,,,0.9987012987012988,0.0,0.9987012987012988,0.9987012987012988,1,,0.0,,,0,,0.0,,,0
cdc,audit,5,iid,0.5,federated,fedavg,logistic,none,calib_f1_optimal,37.0,,,,0.9987012987012988,0.0,0.9987012987012988,0.9987012987012988,1,,0.0,,,0,,0.0,,,0
cdc,audit,5,iid,0.5,federated,fedavg,logistic,none,calib_f1_optimal,38.0,,,,1.0,0.0,1.0,1.0,1,,0.0,,,0,,0.0,,,0
cdc,audit,5,iid,0.5,federated,fedavg,logistic,none,calib_f1_optimal,39.0,,,,1.0,0.0,1.0,1.0,1,,0.0,,,0,,0.0,,,0
cdc,audit,5,iid,0.5,federated,fedavg,logistic,none,calib_f1_optimal,40.0,,,,0.9987012987012988,0.0,0.9987012987012988,0.9987012987012988,1,,0.0,,,0,,0.0,,,0
cdc,audit,5,iid,0.5,federated,fedavg,logistic,none,calib_f1_optimal,41.0,,,,0.9987012987012988,0.0,0.9987012987012988,0.9987012987012988,1,,0.0,,,0,,0.0,,,0
cdc,audit,5,iid,0.5,federated,fedavg,logistic,none,calib_f1_optimal,,0.0,1.0,5.0,,0.0,,,0,0.9826839826839827,0.02220488069823749,0.9575567947410188,1.0078111706269466,3,1.0,0.0,1.0,1.0,3
cdc,audit,5,iid,0.5,federated,fedavg,logistic,none,calib_f1_optimal,,0.0,2.0,5.0,,0.0,,,0,0.9848484848484848,0.013886593015017674,0.9691343255464042,1.0005626441505653,3,1.0,0.0,1.0,1.0,3
cdc,audit,5,iid,0.5,federated,fedavg,logistic,none,calib_f1_optimal,,0.0,3.0,5.0,,0.0,,,0,0.9727272727272728,0.01558441558441559,0.9550918463229351,0.9903626991316105,3,1.0,0.0,1.0,1.0,3
cdc,audit,5,iid,0.5,federated,fedavg,logistic,none,calib_f1_optimal,,0.0,4.0,5.0,,0.0,,,0,0.9835497835497837,0.02399377742086757,0.9563982683982686,1.0107012987012989,3,1.0,0.0,1.0,1.0,3
cdc,audit,5,iid,0.5,federated,fedavg,logistic,none,calib_f1_optimal,,1.0,2.0,5.0,,0.0,,,0,0.9748917748917748,0.02922318412422099,0.9418226289792088,1.007960920804341,3,1.0,0.0,1.0,1.0,3
cdc,audit,5,iid,0.5,federated,fedavg,logistic,none,calib_f1_optimal,,1.0,3.0,5.0,,0.0,,,0,0.9774891774891774,0.010813849347876018,0.9652521549785117,0.9897261999998431,3,1.0,0.0,1.0,1.0,3
cdc,audit,5,iid,0.5,federated,fedavg,logistic,none,calib_f1_optimal,,1.0,4.0,5.0,,0.0,,,0,0.9805194805194803,0.028304538594419903,0.9484898798849984,1.0125490811539624,3,1.0,0.0,1.0,1.0,3
cdc,audit,5,iid,0.5,federated,fedavg,logistic,none,calib_f1_optimal,,2.0,3.0,5.0,,0.0,,,0,0.9632034632034632,0.03090618051705886,0.9282298275868148,0.9981770988201115,3,1.0,0.0,1.0,1.0,3
cdc,audit,5,iid,0.5,federated,fedavg,logistic,none,calib_f1_optimal,,2.0,4.0,5.0,,0.0,,,0,0.9796536796536796,0.02627530892726139,0.9499203685565775,1.0093869907507815,3,1.0,0.0,1.0,1.0,3
cdc,audit,5,iid,0.5,federated,fedavg,logistic,none,calib_f1_optimal,,3.0,4.0,5.0,,0.0,,,0,0.9766233766233766,0.012388820797622751,0.9626041061393755,0.9906426471073777,3,1.0,0.0,1.0,1.0,3
cdc,audit,5,iid,0.5,federated,fedprox,logistic,none,calib_f1_optimal,2.0,,,,,0.0,,,0,,0.0,,,0,,0.0,,,0
cdc,audit,5,iid,0.5,federated,fedprox,logistic,none,calib_f1_optimal,3.0,,,,0.9701298701298701,0.016883116883116837,0.9510248248585044,0.9892349154012358,3,,0.0,,,0,,0.0,,,0
cdc,audit,5,iid,0.5,federated,fedprox,logistic,none,calib_f1_optimal,4.0,,,,0.977922077922078,0.012388820797622692,0.963902807438077,0.991941348406079,3,,0.0,,,0,,0.0,,,0
cdc,audit,5,iid,0.5,federated,fedprox,logistic,none,calib_f1_optimal,5.0,,,,0.9839826839826838,0.006536653190710703,0.976585764563342,0.9913796034020257,3,,0.0,,,0,,0.0,,,0
cdc,audit,5,iid,0.5,federated,fedprox,logistic,none,calib_f1_optimal,6.0,,,,0.9935064935064934,0.002249416633206367,0.9909610389610388,0.9960519480519481,3,,0.0,,,0,,0.0,,,0
cdc,audit,5,iid,0.5,federated,fedprox,logistic,none,calib_f1_optimal,7.0,,,,0.9917748917748918,0.006406341379631474,0.9845254340515921,0.9990243494981914,3,,0.0,,,0,,0.0,,,0
cdc,audit,5,iid,0.5,federated,fedprox,logistic,none,calib_f1_optimal,8.0,,,,0.9917748917748918,0.0052486388108147495,0.9858354978354978,0.9977142857142857,3,,0.0,,,0,,0.0,,,0
cdc,audit,5,iid,0.5,federated,fedprox,logistic,none,calib_f1_optimal,9.0,,,,0.9904761904761905,0.007828199705638587,0.9816177485898422,0.9993346323625388,3,,0.0,,,0,,0.0,,,0
cdc,audit,5,iid,0.5,federated,fedprox,logistic,none,calib_f1_optimal,10.0,,,,0.9965367965367965,0.002703462336969218,0.9934775409091299,0.9995960521644631,3,,0.0,,,0,,0.0,,,0
cdc,audit,5,iid,0.5,federated,fedprox,logistic,none,calib_f1_optimal,11.0,,,,0.996969696969697,0.0027034623369690132,0.9939104413420305,1.0000289525973634,3,,0.0,,,0,,0.0,,,0
cdc,audit,5,iid,0.5,federated,fedprox,logistic,none,calib_f1_optimal,12.0,,,,0.9978354978354979,0.0037490277220107184,0.9935930735930735,1.0020779220779223,3,,0.0,,,0,,0.0,,,0
cdc,audit,5,iid,0.5,federated,fedprox,logistic,none,calib_f1_optimal,13.0,,,,0.9978354978354979,0.0037490277220107184,0.9935930735930735,1.0020779220779223,3,,0.0,,,0,,0.0,,,0
cdc,audit,5,iid,0.5,federated,fedprox,logistic,none,calib_f1_optimal,14.0,,,,0.9987012987012989,0.0012987012987011881,0.9972316798342709,1.0001709175683269,3,,0.0,,,0,,0.0,,,0
cdc,audit,5,iid,0.5,federated,fedprox,logistic,none,calib_f1_optimal,15.0,,,,0.9987012987012989,0.0012987012987011881,0.9972316798342709,1.0001709175683269,3,,0.0,,,0,,0.0,,,0
cdc,audit,5,iid,0.5,federated,fedprox,logistic,none,calib_f1_optimal,16.0,,,,0.9987012987012988,0.0,0.9987012987012988,0.9987012987012988,3,,0.0,,,0,,0.0,,,0
cdc,audit,5,iid,0.5,federated,fedprox,logistic,none,calib_f1_optimal,17.0,,,,0.9995670995670997,0.0007498055444020796,0.9987186147186149,1.0004155844155844,3,,0.0,,,0,,0.0,,,0
cdc,audit,5,iid,0.5,federated,fedprox,logistic,none,calib_f1_optimal,18.0,,,,0.9987012987012988,0.0,0.9987012987012988,0.9987012987012988,3,,0.0,,,0,,0.0,,,0
cdc,audit,5,iid,0.5,federated,fedprox,logistic,none,calib_f1_optimal,19.0,,,,0.9991341991341992,0.0007498055444020796,0.9982857142857144,0.999982683982684,3,,0.0,,,0,,0.0,,,0
cdc,audit,5,iid,0.5,federated,fedprox,logistic,none,calib_f1_optimal,20.0,,,,0.996969696969697,0.0014996110888042874,0.9952727272727272,0.9986666666666667,3,,0.0,,,0,,0.0,,,0
cdc,audit,5,iid,0.5,federated,fedprox,logistic,none,calib_f1_optimal,21.0,,,,0.9995670995670997,0.0007498055444020796,0.9987186147186149,1.0004155844155844,3,,0.0,,,0,,0.0,,,0
cdc,audit,5,iid,0.5,federated,fedprox,logistic,none,calib_f1_optimal,22.0,,,,0.9993506493506494,0.0009183204950474254,0.9980779220779222,1.0006233766233767,2,,0.0,,,0,,0.0,,,0
cdc,audit,5,iid,0.5,federated,fedprox,logistic,none,calib_f1_optimal,23.0,,,,0.9987012987012989,0.0018366409900947723,0.9961558441558446,1.0012467532467533,2,,0.0,,,0,,0.0,,,0
cdc,audit,5,iid,0.5,federated,fedprox,logistic,none,calib_f1_optimal,24.0,,,,0.9980519480519482,0.0009183204950473469,0.9967792207792211,0.9993246753246753,2,,0.0,,,0,,0.0,,,0
cdc,audit,5,iid,0.5,federated,fedprox,logistic,none,calib_f1_optimal,25.0,,,,0.9987012987012988,0.0,0.9987012987012988,0.9987012987012988,2,,0.0,,,0,,0.0,,,0
cdc,audit,5,iid,0.5,federated,fedprox,logistic,none,calib_f1_optimal,26.0,,,,0.9987012987012989,0.0018366409900947723,0.9961558441558446,1.0012467532467533,2,,0.0,,,0,,0.0,,,0
cdc,audit,5,iid,0.5,federated,fedprox,logistic,none,calib_f1_optimal,27.0,,,,0.9987012987012989,0.0018366409900947723,0.9961558441558446,1.0012467532467533,2,,0.0,,,0,,0.0,,,0
cdc,audit,5,iid,0.5,federated,fedprox,logistic,none,calib_f1_optimal,28.0,,,,0.9993506493506494,0.0009183204950474254,0.9980779220779222,1.0006233766233767,2,,0.0,,,0,,0.0,,,0
cdc,audit,5,iid,0.5,federated,fedprox,logistic,none,calib_f1_optimal,29.0,,,,0.9993506493506494,0.0009183204950474254,0.9980779220779222,1.0006233766233767,2,,0.0,,,0,,0.0,,,0
cdc,audit,5,iid,0.5,federated,fedprox,logistic,none,calib_f1_optimal,30.0,,,,1.0,0.0,1.0,1.0,2,,0.0,,,0,,0.0,,,0
cdc,audit,5,iid,0.5,federated,fedprox,logistic,none,calib_f1_optimal,31.0,,,,1.0,0.0,1.0,1.0,2,,0.0,,,0,,0.0,,,0
cdc,audit,5,iid,0.5,federated,fedprox,logistic,none,calib_f1_optimal,32.0,,,,1.0,0.0,1.0,1.0,2,,0.0,,,0,,0.0,,,0
cdc,audit,5,iid,0.5,federated,fedprox,logistic,none,calib_f1_optimal,33.0,,,,0.9987012987012989,0.0018366409900947723,0.9961558441558446,1.0012467532467533,2,,0.0,,,0,,0.0,,,0
cdc,audit,5,iid,0.5,federated,fedprox,logistic,none,calib_f1_optimal,34.0,,,,1.0,0.0,1.0,1.0,2,,0.0,,,0,,0.0,,,0
cdc,audit,5,iid,0.5,federated,fedprox,logistic,none,calib_f1_optimal,35.0,,,,0.9987012987012989,0.0018366409900947723,0.9961558441558446,1.0012467532467533,2,,0.0,,,0,,0.0,,,0
cdc,audit,5,iid,0.5,federated,fedprox,logistic,none,calib_f1_optimal,36.0,,,,0.9993506493506494,0.0009183204950474254,0.9980779220779222,1.0006233766233767,2,,0.0,,,0,,0.0,,,0
cdc,audit,5,iid,0.5,federated,fedprox,logistic,none,calib_f1_optimal,37.0,,,,0.9993506493506494,0.0009183204950474254,0.9980779220779222,1.0006233766233767,2,,0.0,,,0,,0.0,,,0
cdc,audit,5,iid,0.5,federated,fedprox,logistic,none,calib_f1_optimal,38.0,,,,1.0,0.0,1.0,1.0,2,,0.0,,,0,,0.0,,,0
cdc,audit,5,iid,0.5,federated,fedprox,logistic,none,calib_f1_optimal,39.0,,,,1.0,0.0,1.0,1.0,2,,0.0,,,0,,0.0,,,0
cdc,audit,5,iid,0.5,federated,fedprox,logistic,none,calib_f1_optimal,40.0,,,,0.9993506493506494,0.0009183204950474254,0.9980779220779222,1.0006233766233767,2,,0.0,,,0,,0.0,,,0
cdc,audit,5,iid,0.5,federated,fedprox,logistic,none,calib_f1_optimal,41.0,,,,0.9993506493506494,0.0009183204950474254,0.9980779220779222,1.0006233766233767,2,,0.0,,,0,,0.0,,,0
cdc,audit,5,iid,0.5,federated,fedprox,logistic,none,calib_f1_optimal,,0.0,1.0,5.0,,0.0,,,0,0.9857142857142858,0.01698272315665199,0.9664965253335965,1.0049320460949749,3,1.0,0.0,1.0,1.0,3
cdc,audit,5,iid,0.5,federated,fedprox,logistic,none,calib_f1_optimal,,0.0,2.0,5.0,,0.0,,,0,0.9848484848484849,0.011640112259522916,0.9716764578334761,0.9980205118634936,3,1.0,0.0,1.0,1.0,3
cdc,audit,5,iid,0.5,federated,fedprox,logistic,none,calib_f1_optimal,,0.0,3.0,5.0,,0.0,,,0,0.9761904761904763,0.013265414238999644,0.9611792468461515,0.991201705534801,3,1.0,0.0,1.0,1.0,3
cdc,audit,5,iid,0.5,federated,fedprox,logistic,none,calib_f1_optimal,,0.0,4.0,5.0,,0.0,,,0,0.9857142857142858,0.02137932160149921,0.9615213058341201,1.0099072655944514,3,1.0,0.0,1.0,1.0,3
cdc,audit,5,iid,0.5,federated,fedprox,logistic,none,calib_f1_optimal,,1.0,2.0,5.0,,0.0,,,0,0.9714285714285714,0.026264608332670976,0.9417073691941572,1.0011497736629857,3,1.0,0.0,1.0,1.0,3
cdc,audit,5,iid,0.5,federated,fedprox,logistic,none,calib_f1_optimal,,1.0,3.0,5.0,,0.0,,,0,0.9783549783549783,0.008647179374648569,0.9685697737291971,0.9881401829807596,3,1.0,0.0,1.0,1.0,3
cdc,audit,5,iid,0.5,federated,fedprox,logistic,none,calib_f1_optimal,,1.0,4.0,5.0,,0.0,,,0,0.98008658008658,0.027864129942431298,0.948555348757505,1.0116178114156549,3,1.0,0.0,1.0,1.0,3
cdc,audit,5,iid,0.5,federated,fedprox,logistic,none,calib_f1_optimal,,2.0,3.0,5.0,,0.0,,,0,0.9653679653679653,0.032058023517876434,0.929090896692808,1.0016450340431227,3,1.0,0.0,1.0,1.0,3
cdc,audit,5,iid,0.5,federated,fedprox,logistic,none,calib_f1_optimal,,2.0,4.0,5.0,,0.0,,,0,0.9779220779220781,0.02474358296526978,0.949922077922078,1.005922077922078,3,1.0,0.0,1.0,1.0,3
cdc,audit,5,iid,0.5,federated,fedprox,logistic,none,calib_f1_optimal,,3.0,4.0,5.0,,0.0,,,0,0.9792207792207792,0.012524221767523437,0.9650482881153936,0.9933932703261649,3,1.0,0.0,1.0,1.0,3
cdc,audit,5,non_iid,0.5,federated,fedavg,logistic,none,calib_f1_optimal,2.0,,,,,0.0,,,0,,0.0,,,0,,0.0,,,0
cdc,audit,5,non_iid,0.5,federated,fedavg,logistic,none,calib_f1_optimal,3.0,,,,0.954112554112554,0.040745567496242835,0.9080046039625639,1.0002205042625443,3,,0.0,,,0,,0.0,,,0
cdc,audit,5,non_iid,0.5,federated,fedavg,logistic,none,calib_f1_optimal,4.0,,,,0.9805194805194805,0.009090909090908983,0.9702321484502836,0.9908068125886773,3,,0.0,,,0,,0.0,,,0
cdc,audit,5,non_iid,0.5,federated,fedavg,logistic,none,calib_f1_optimal,5.0,,,,0.9887445887445887,0.003967598004290869,0.9842548289439942,0.9932343485451832,3,,0.0,,,0,,0.0,,,0
cdc,audit,5,non_iid,0.5,federated,fedavg,logistic,none,calib_f1_optimal,6.0,,,,0.9965367965367967,0.0014996110888043515,0.9948398268398269,0.9982337662337666,3,,0.0,,,0,,0.0,,,0
cdc,audit,5,non_iid,0.5,federated,fedavg,logistic,none,calib_f1_optimal,7.0,,,,0.9904761904761905,0.0066644174538271,0.9829346921827107,0.9980176887696703,3,,0.0,,,0,,0.0,,,0
cdc,audit,5,non_iid,0.5,federated,fedavg,logistic,none,calib_f1_optimal,8.0,,,,0.9948051948051946,0.00468253412397927,0.9895064086247353,1.000103980985654,3,,0.0,,,0,,0.0,,,0
cdc,audit,5,non_iid,0.5,federated,fedavg,logistic,none,calib_f1_optimal,9.0,,,,0.9961038961038963,0.0034360406637201856,0.9922156500596914,0.9999921421481012,3,,0.0,,,0,,0.0,,,0
cdc,audit,5,non_iid,0.5,federated,fedavg,logistic,none,calib_f1_optimal,10.0,,,,0.9891774891774893,0.013137654463630811,0.9743108336289381,1.0040441447260404,3,,0.0,,,0,,0.0,,,0
cdc,audit,5,non_iid,0.5,federated,fedavg,logistic,none,calib_f1_optimal,11.0,,,,0.9974025974025974,0.0025974025974025983,0.9944633596685412,1.0003418351366538,3,,0.0,,,0,,0.0,,,0
cdc,audit,5,non_iid,0.5,federated,fedavg,logistic,none,calib_f1_optimal,12.0,,,,0.9987012987012989,0.0012987012987011881,0.9972316798342709,1.0001709175683269,3,,0.0,,,0,,0.0,,,0
cdc,audit,5,non_iid,0.5,federated,fedavg,logistic,none,calib_f1_optimal,13.0,,,,0.9956709956709958,0.004174740589174539,0.9909468319692005,1.000395159372791,3,,0.0,,,0,,0.0,,,0
cdc,audit,5,non_iid,0.5,federated,fedavg,logistic,none,calib_f1_optimal,14.0,,,,0.9969696969696971,0.0027034623369690132,0.9939104413420307,1.0000289525973636,3,,0.0,,,0,,0.0,,,0
cdc,audit,5,non_iid,0.5,federated,fedavg,logistic,none,calib_f1_optimal,15.0,,,,0.9982683982683983,0.0019837990021454224,0.996023518368101,1.0005132781686956,3,,0.0,,,0,,0.0,,,0
cdc,audit,5,non_iid,0.5,federated,fedavg,logistic,none,calib_f1_optimal,16.0,,,,0.9948051948051946,0.0012987012987014102,0.9933355759381663,0.9962748136722228,3,,0.0,,,0,,0.0,,,0
cdc,audit,5,non_iid,0.5,federated,fedavg,logistic,none,calib_f1_optimal,17.0,,,,0.9965367965367965,0.002703462336969218,0.9934775409091299,0.9995960521644631,3,,0.0,,,0,,0.0,,,0
cdc,audit,5,non_iid,0.5,federated,fedavg,logistic,none,calib_f1_optimal,18.0,,,,0.9995670995670997,0.0007498055444020796,0.9987186147186149,1.0004155844155844,3,,0.0,,,0,,0.0,,,0
cdc,audit,5,non_iid,0.5,federated,fedavg,logistic,none,calib_f1_optimal,19.0,,,,0.997835497835498,0.001983799002145386,0.9955906179352008,1.0000803777357952,3,,0.0,,,0,,0.0,,,0
cdc,audit,5,non_iid,0.5,federated,fedavg,logistic,none,calib_f1_optimal,20.0,,,,0.9978354978354979,0.0027034623369690132,0.9947762422078315,1.0008947534631643,3,,0.0,,,0,,0.0,,,0
cdc,audit,5,non_iid,0.5,federated,fedavg,logistic,none,calib_f1_optimal,21.0,,,,0.9995670995670997,0.0007498055444020796,0.9987186147186149,1.0004155844155844,3,,0.0,,,0,,0.0,,,0
cdc,audit,5,non_iid,0.5,federated,fedavg,logistic,none,calib_f1_optimal,22.0,,,,0.9980519480519482,0.0009183204950473469,0.9967792207792211,0.9993246753246753,2,,0.0,,,0,,0.0,,,0
cdc,audit,5,non_iid,0.5,federated,fedavg,logistic,none,calib_f1_optimal,23.0,,,,0.9967532467532466,0.00459160247523752,0.9903896103896099,1.0031168831168833,2,,0.0,,,0,,0.0,,,0
cdc,audit,5,non_iid,0.5,federated,fedavg,logistic,none,calib_f1_optimal,24.0,,,,0.9974025974025974,0.0036732819801898586,0.9923116883116883,1.0024935064935065,2,,0.0,,,0,,0.0,,,0
cdc,audit,5,non_iid,0.5,federated,fedavg,logistic,none,calib_f1_optimal,25.0,,,,0.9993506493506494,0.0009183204950474254,0.9980779220779222,1.0006233766233767,2,,0.0,,,0,,0.0,,,0
cdc,audit,5,non_iid,0.5,federated,fedavg,logistic,none,calib_f1_optimal,26.0,,,,0.9987012987012988,0.0,0.9987012987012988,0.9987012987012988,2,,0.0,,,0,,0.0,,,0
cdc,audit,5,non_iid,0.5,federated,fedavg,logistic,none,calib_f1_optimal,27.0,,,,0.9967532467532466,0.00459160247523752,0.9903896103896099,1.0031168831168833,2,,0.0,,,0,,0.0,,,0
cdc,audit,5,non_iid,0.5,federated,fedavg,logistic,none,calib_f1_optimal,28.0,,,,0.9941558441558442,0.006428243465332292,0.9852467532467533,1.0030649350649352,2,,0.0,,,0,,0.0,,,0
cdc,audit,5,non_iid,0.5,federated,fedavg,logistic,none,calib_f1_optimal,29.0,,,,0.9993506493506494,0.0009183204950474254,0.9980779220779222,1.0006233766233767,2,,0.0,,,0,,0.0,,,0
cdc,audit,5,non_iid,0.5,federated,fedavg,logistic,none,calib_f1_optimal,30.0,,,,0.9974025974025974,0.0036732819801898586,0.9923116883116883,1.0024935064935065,2,,0.0,,,0,,0.0,,,0
cdc,audit,5,non_iid,0.5,federated,fedavg,logistic,none,calib_f1_optimal,31.0,,,,0.9987012987012989,0.0018366409900947723,0.9961558441558446,1.0012467532467533,2,,0.0,,,0,,0.0,,,0
cdc,audit,5,non_iid,0.5,federated,fedavg,logistic,none,calib_f1_optimal,32.0,,,,0.9987012987012988,0.0,0.9987012987012988,0.9987012987012988,1,,0.0,,,0,,0.0,,,0
cdc,audit,5,non_iid,0.5,federated,fedavg,logistic,none,calib_f1_optimal,33.0,,,,0.9948051948051948,0.0,0.9948051948051948,0.9948051948051948,1,,0.0,,,0,,0.0,,,0
cdc,audit,5,non_iid,0.5,federated,fedavg,logistic,none,calib_f1_optimal,34.0,,,,0.9948051948051948,0.0,0.9948051948051948,0.9948051948051948,1,,0.0,,,0,,0.0,,,0
cdc,audit,5,non_iid,0.5,federated,fedavg,logistic,none,calib_f1_optimal,35.0,,,,0.9987012987012988,0.0,0.9987012987012988,0.9987012987012988,1,,0.0,,,0,,0.0,,,0
cdc,audit,5,non_iid,0.5,federated,fedavg,logistic,none,calib_f1_optimal,36.0,,,,0.9948051948051948,0.0,0.9948051948051948,0.9948051948051948,1,,0.0,,,0,,0.0,,,0
cdc,audit,5,non_iid,0.5,federated,fedavg,logistic,none,calib_f1_optimal,37.0,,,,0.9987012987012988,0.0,0.9987012987012988,0.9987012987012988,1,,0.0,,,0,,0.0,,,0
cdc,audit,5,non_iid,0.5,federated,fedavg,logistic,none,calib_f1_optimal,38.0,,,,1.0,0.0,1.0,1.0,1,,0.0,,,0,,0.0,,,0
cdc,audit,5,non_iid,0.5,federated,fedavg,logistic,none,calib_f1_optimal,39.0,,,,0.9987012987012988,0.0,0.9987012987012988,0.9987012987012988,1,,0.0,,,0,,0.0,,,0
cdc,audit,5,non_iid,0.5,federated,fedavg,logistic,none,calib_f1_optimal,40.0,,,,0.996103896103896,0.0,0.996103896103896,0.996103896103896,1,,0.0,,,0,,0.0,,,0
cdc,audit,5,non_iid,0.5,federated,fedavg,logistic,none,calib_f1_optimal,41.0,,,,0.9935064935064932,0.0,0.9935064935064932,0.9935064935064932,1,,0.0,,,0,,0.0,,,0
cdc,audit,5,non_iid,0.5,federated,fedavg,logistic,none,calib_f1_optimal,,0.0,1.0,5.0,,0.0,,,0,0.9021645021645023,0.09251214936037865,0.7974771500649124,1.0068518542640923,3,0.9333333333333332,0.11547005383792514,0.8026666666666666,1.0639999999999998,3
cdc,audit,5,non_iid,0.5,federated,fedavg,logistic,none,calib_f1_optimal,,0.0,2.0,5.0,,0.0,,,0,0.8844155844155844,0.09879523895926742,0.772618247112323,0.9962129217188459,3,0.9333333333333332,0.11547005383792514,0.8026666666666666,1.0639999999999998,3
cdc,audit,5,non_iid,0.5,federated,fedavg,logistic,none,calib_f1_optimal,,0.0,3.0,5.0,,0.0,,,0,0.8991341991341991,0.07291642070009675,0.8166215014998912,0.981646896768507,3,0.9333333333333332,0.11547005383792514,0.8026666666666666,1.0639999999999998,3
cdc,audit,5,non_iid,0.5,federated,fedavg,logistic,none,calib_f1_optimal,,0.0,4.0,5.0,,0.0,,,0,0.9004329004329005,0.09350949971117535,0.7946169401660332,1.0062488606997677,3,0.9333333333333332,0.11547005383792514,0.8026666666666666,1.0639999999999998,3
cdc,audit,5,non_iid,0.5,federated,fedavg,logistic,none,calib_f1_optimal,,1.0,2.0,5.0,,0.0,,,0,0.9662337662337662,0.02871862907467017,0.9337355781088112,0.9987319543587212,3,1.0,0.0,1.0,1.0,3
cdc,audit,5,non_iid,0.5,federated,fedavg,logistic,none,calib_f1_optimal,,1.0,3.0,5.0,,0.0,,,0,0.9701298701298701,0.010308121991160641,0.9584651319972554,0.9817946082624848,3,1.0,0.0,1.0,1.0,3
cdc,audit,5,non_iid,0.5,federated,fedavg,logistic,none,calib_f1_optimal,,1.0,4.0,5.0,,0.0,,,0,0.9904761904761904,0.007609695165041895,0.981865009754294,0.9990873711980868,3,1.0,0.0,1.0,1.0,3
cdc,audit,5,non_iid,0.5,federated,fedavg,logistic,none,calib_f1_optimal,,2.0,3.0,5.0,,0.0,,,0,0.9380952380952382,0.03701488565039946,0.8962089518744467,0.9799815243160297,3,1.0,0.0,1.0,1.0,3
cdc,audit,5,non_iid,0.5,federated,fedavg,logistic,none,calib_f1_optimal,,2.0,4.0,5.0,,0.0,,,0,0.9623376623376624,0.032777738867854574,0.9252461590744475,0.9994291656008772,3,1.0,0.0,1.0,1.0,3
cdc,audit,5,non_iid,0.5,federated,fedavg,logistic,none,calib_f1_optimal,,3.0,4.0,5.0,,0.0,,,0,0.9640692640692641,0.009395036542948378,0.9534377793901135,0.9747007487484146,3,1.0,0.0,1.0,1.0,3
cdc,audit,5,non_iid,0.5,federated,fedprox,logistic,none,calib_f1_optimal,2.0,,,,,0.0,,,0,,0.0,,,0,,0.0,,,0
cdc,audit,5,non_iid,0.5,federated,fedprox,logistic,none,calib_f1_optimal,3.0,,,,0.9506493506493507,0.046662972008368,0.897845226926921,1.0034534743717805,3,,0.0,,,0,,0.0,,,0
cdc,audit,5,non_iid,0.5,federated,fedprox,logistic,none,calib_f1_optimal,4.0,,,,0.9761904761904762,0.016546766107027083,0.9574660476529009,0.9949149047280514,3,,0.0,,,0,,0.0,,,0
cdc,audit,5,non_iid,0.5,federated,fedprox,logistic,none,calib_f1_optimal,5.0,,,,0.9904761904761905,0.006536653190710726,0.9830792710568487,0.9978731098955324,3,,0.0,,,0,,0.0,,,0
cdc,audit,5,non_iid,0.5,federated,fedprox,logistic,none,calib_f1_optimal,6.0,,,,0.9956709956709956,0.0014996110888043515,0.9939740259740257,0.9973679653679655,3,,0.0,,,0,,0.0,,,0
cdc,audit,5,non_iid,0.5,federated,fedprox,logistic,none,calib_f1_optimal,7.0,,,,0.9904761904761905,0.0066644174538271,0.9829346921827107,0.9980176887696703,3,,0.0,,,0,,0.0,,,0
cdc,audit,5,non_iid,0.5,federated,fedprox,logistic,none,calib_f1_optimal,8.0,,,,0.9939393939393938,0.0032683265953554657,0.9902409342297227,0.9976378536490649,3,,0.0,,,0,,0.0,,,0
cdc,audit,5,non_iid,0.5,federated,fedprox,logistic,none,calib_f1_optimal,9.0,,,,0.9965367965367967,0.003749027722010462,0.9922943722943726,1.0007792207792208,3,,0.0,,,0,,0.0,,,0
cdc,audit,5,non_iid,0.5,federated,fedprox,logistic,none,calib_f1_optimal,10.0,,,,0.9896103896103897,0.013496499799238138,0.9743376623376623,1.0048831168831172,3,,0.0,,,0,,0.0,,,0
cdc,audit,5,non_iid,0.5,federated,fedprox,logistic,none,calib_f1_optimal,11.0,,,,0.9969696969696971,0.0019837990021454345,0.9947248170693997,0.9992145768699944,3,,0.0,,,0,,0.0,,,0
cdc,audit,5,non_iid,0.5,federated,fedprox,logistic,none,calib_f1_optimal,12.0,,,,0.9987012987012989,0.0012987012987011881,0.9972316798342709,1.0001709175683269,3,,0.0,,,0,,0.0,,,0
cdc,audit,5,non_iid,0.5,federated,fedprox,logistic,none,calib_f1_optimal,13.0,,,,0.9974025974025974,0.002249416633206367,0.9948571428571428,0.999948051948052,3,,0.0,,,0,,0.0,,,0
cdc,audit,5,non_iid,0.5,federated,fedprox,logistic,none,calib_f1_optimal,14.0,,,,0.9939393939393941,0.003967598004290869,0.9894496341387996,0.9984291537399886,3,,0.0,,,0,,0.0,,,0
cdc,audit,5,non_iid,0.5,federated,fedprox,logistic,none,calib_f1_optimal,15.0,,,,0.9982683982683983,0.0019837990021454224,0.996023518368101,1.0005132781686956,3,,0.0,,,0,,0.0,,,0
cdc,audit,5,non_iid,0.5,federated,fedprox,logistic,none,calib_f1_optimal,16.0,,,,0.9952380952380953,0.0019837990021456284,0.9929932153377977,0.9974829751383928,3,,0.0,,,0,,0.0,,,0
cdc,audit,5,non_iid,0.5,federated,fedprox,logistic,none,calib_f1_optimal,17.0,,,,0.9974025974025974,0.0012987012987013546,0.9959329785355692,0.9988722162696256,3,,0.0,,,0,,0.0,,,0
cdc,audit,5,non_iid,0.5,federated,fedprox,logistic,none,calib_f1_optimal,18.0,,,,0.9995670995670997,0.0007498055444020796,0.9987186147186149,1.0004155844155844,3,,0.0,,,0,,0.0,,,0
cdc,audit,5,non_iid,0.5,federated,fedprox,logistic,none,calib_f1_optimal,19.0,,,,0.9974025974025974,0.002249416633206367,0.9948571428571428,0.999948051948052,3,,0.0,,,0,,0.0,,,0
cdc,audit,5,non_iid,0.5,federated,fedprox,logistic,none,calib_f1_optimal,20.0,,,,0.9982683982683983,0.0019837990021454224,0.996023518368101,1.0005132781686956,3,,0.0,,,0,,0.0,,,0
cdc,audit,5,non_iid,0.5,federated,fedprox,logistic,none,calib_f1_optimal,21.0,,,,0.9991341991341992,0.0007498055444020796,0.9982857142857144,0.999982683982684,3,,0.0,,,0,,0.0,,,0
cdc,audit,5,non_iid,0.5,federated,fedprox,logistic,none,calib_f1_optimal,22.0,,,,0.9980519480519482,0.0009183204950473469,0.9967792207792211,0.9993246753246753,2,,0.0,,,0,,0.0,,,0
cdc,audit,5,non_iid,0.5,federated,fedprox,logistic,none,calib_f1_optimal,23.0,,,,0.9967532467532466,0.00459160247523752,0.9903896103896099,1.0031168831168833,2,,0.0,,,0,,0.0,,,0
cdc,audit,5,non_iid,0.5,federated,fedprox,logistic,none,calib_f1_optimal,24.0,,,,0.9987012987012989,0.0018366409900947723,0.9961558441558446,1.0012467532467533,2,,0.0,,,0,,0.0,,,0
cdc,audit,5,non_iid,0.5,federated,fedprox,logistic,none,calib_f1_optimal,25.0,,,,0.9993506493506494,0.0009183204950474254,0.9980779220779222,1.0006233766233767,2,,0.0,,,0,,0.0,,,0
cdc,audit,5,non_iid,0.5,federated,fedprox,logistic,none,calib_f1_optimal,26.0,,,,0.9987012987012988,0.0,0.9987012987012988,0.9987012987012988,2,,0.0,,,0,,0.0,,,0
cdc,audit,5,non_iid,0.5,federated,fedprox,logistic,none,calib_f1_optimal,27.0,,,,0.9974025974025974,0.0036732819801898586,0.9923116883116883,1.0024935064935065,2,,0.0,,,0,,0.0,,,0
cdc,audit,5,non_iid,0.5,federated,fedprox,logistic,none,calib_f1_optimal,28.0,,,,0.9961038961038959,0.003673281980190094,0.9910129870129866,1.0011948051948054,2,,0.0,,,0,,0.0,,,0
cdc,audit,5,non_iid,0.5,federated,fedprox,logistic,none,calib_f1_optimal,29.0,,,,0.9993506493506494,0.0009183204950474254,0.9980779220779222,1.0006233766233767,2,,0.0,,,0,,0.0,,,0
cdc,audit,5,non_iid,0.5,federated,fedprox,logistic,none,calib_f1_optimal,30.0,,,,0.9980519480519481,0.002754961485142433,0.9942337662337662,1.00187012987013,2,,0.0,,,0,,0.0,,,0
cdc,audit,5,non_iid,0.5,federated,fedprox,logistic,none,calib_f1_optimal,31.0,,,,0.9993506493506494,0.0009183204950474254,0.9980779220779222,1.0006233766233767,2,,0.0,,,0,,0.0,,,0
cdc,audit,5,non_iid,0.5,federated,fedprox,logistic,none,calib_f1_optimal,32.0,,,,0.9974025974025976,0.0,0.9974025974025976,0.9974025974025976,1,,0.0,,,0,,0.0,,,0
cdc,audit,5,non_iid,0.5,federated,fedprox,logistic,none,calib_f1_optimal,33.0,,,,0.9948051948051948,0.0,0.9948051948051948,0.9948051948051948,1,,0.0,,,0,,0.0,,,0
cdc,audit,5,non_iid,0.5,federated,fedprox,logistic,none,calib_f1_optimal,34.0,,,,0.9948051948051948,0.0,0.9948051948051948,0.9948051948051948,1,,0.0,,,0,,0.0,,,0
cdc,audit,5,non_iid,0.5,federated,fedprox,logistic,none,calib_f1_optimal,35.0,,,,0.9987012987012988,0.0,0.9987012987012988,0.9987012987012988,1,,0.0,,,0,,0.0,,,0
cdc,audit,5,non_iid,0.5,federated,fedprox,logistic,none,calib_f1_optimal,36.0,,,,0.9987012987012988,0.0,0.9987012987012988,0.9987012987012988,1,,0.0,,,0,,0.0,,,0
cdc,audit,5,non_iid,0.5,federated,fedprox,logistic,none,calib_f1_optimal,37.0,,,,0.9987012987012988,0.0,0.9987012987012988,0.9987012987012988,1,,0.0,,,0,,0.0,,,0
cdc,audit,5,non_iid,0.5,federated,fedprox,logistic,none,calib_f1_optimal,38.0,,,,0.9987012987012988,0.0,0.9987012987012988,0.9987012987012988,1,,0.0,,,0,,0.0,,,0
cdc,audit,5,non_iid,0.5,federated,fedprox,logistic,none,calib_f1_optimal,39.0,,,,0.996103896103896,0.0,0.996103896103896,0.996103896103896,1,,0.0,,,0,,0.0,,,0
cdc,audit,5,non_iid,0.5,federated,fedprox,logistic,none,calib_f1_optimal,40.0,,,,0.9974025974025976,0.0,0.9974025974025976,0.9974025974025976,1,,0.0,,,0,,0.0,,,0
cdc,audit,5,non_iid,0.5,federated,fedprox,logistic,none,calib_f1_optimal,41.0,,,,0.996103896103896,0.0,0.996103896103896,0.996103896103896,1,,0.0,,,0,,0.0,,,0
cdc,audit,5,non_iid,0.5,federated,fedprox,logistic,none,calib_f1_optimal,,0.0,1.0,5.0,,0.0,,,0,0.9077922077922077,0.08727427333200753,0.8090320703971432,1.0065523451872722,3,0.9333333333333332,0.11547005383792514,0.8026666666666666,1.0639999999999998,3
cdc,audit,5,non_iid,0.5,federated,fedprox,logistic,none,calib_f1_optimal,,0.0,2.0,5.0,,0.0,,,0,0.8878787878787878,0.09522530413906831,0.7801212121212119,0.9956363636363638,3,0.9333333333333332,0.11547005383792514,0.8026666666666666,1.0639999999999998,3
cdc,audit,5,non_iid,0.5,federated,fedprox,logistic,none,calib_f1_optimal,,0.0,3.0,5.0,,0.0,,,0,0.9012987012987012,0.07093097041257863,0.8210327521699972,0.9815646504274051,3,0.9333333333333332,0.11547005383792514,0.8026666666666666,1.0639999999999998,3
cdc,audit,5,non_iid,0.5,federated,fedprox,logistic,none,calib_f1_optimal,,0.0,4.0,5.0,,0.0,,,0,0.903030303030303,0.09225655682663438,0.7986321811103069,1.0074284249502992,3,0.9333333333333332,0.11547005383792514,0.8026666666666666,1.0639999999999998,3
cdc,audit,5,non_iid,0.5,federated,fedprox,logistic,none,calib_f1_optimal,,1.0,2.0,5.0,,0.0,,,0,0.9679653679653679,0.027924594671636712,0.9363657143540338,0.999565021576702,3,1.0,0.0,1.0,1.0,3
cdc,audit,5,non_iid,0.5,federated,fedprox,logistic,none,calib_f1_optimal,,1.0,3.0,5.0,,0.0,,,0,0.9688311688311687,0.01252422176752319,0.9546586777257834,0.983003659936554,3,1.0,0.0,1.0,1.0,3
cdc,audit,5,non_iid,0.5,federated,fedprox,logistic,none,calib_f1_optimal,,1.0,4.0,5.0,,0.0,,,0,0.9900432900432902,0.007384728185814722,0.9816866834235843,0.998399896662996,3,1.0,0.0,1.0,1.0,3
cdc,audit,5,non_iid,0.5,federated,fedprox,logistic,none,calib_f1_optimal,,2.0,3.0,5.0,,0.0,,,0,0.9406926406926407,0.037242019418187194,0.8985493284175796,0.9828359529677018,3,1.0,0.0,1.0,1.0,3
cdc,audit,5,non_iid,0.5,federated,fedprox,logistic,none,calib_f1_optimal,,2.0,4.0,5.0,,0.0,,,0,0.9614718614718615,0.03260576633359422,0.9245749634509856,0.9983687594927374,3,1.0,0.0,1.0,1.0,3
cdc,audit,5,non_iid,0.5,federated,fedprox,logistic,none,calib_f1_optimal,,3.0,4.0,5.0,,0.0,,,0,0.9658008658008658,0.0052486388108147495,0.9598614718614719,0.9717402597402597,3,1.0,0.0,1.0,1.0,3
