dataset,experiment_track,clients,partition,alpha,run_type,algorithm,model,calibration,threshold_strategy,cell,count_mean,count_std,count_ci95_low,count_ci95_high,count_n
cdc,audit,3,iid,0.5,federated,fedavg,logistic,federated_isotonic,calib_f1_optimal,FN,2895.3333333333335,292.01769352786374,2564.8842051591,3225.782461507567,3
cdc,audit,3,iid,0.5,federated,fedavg,logistic,federated_isotonic,calib_f1_optimal,FP,7005.666666666667,826.9246237314095,6069.913364609383,7941.419968723951,3
cdc,audit,3,iid,0.5,federated,fedavg,logistic,federated_isotonic,calib_f1_optimal,TN,36661.333333333336,826.9246237314095,35725.580031276055,37597.08663539062,3
cdc,audit,3,iid,0.5,federated,fedavg,logistic,federated_isotonic,calib_f1_optimal,TP,4173.666666666667,292.0176935278637,3843.2175384924335,4504.115794840901,3
cdc,audit,3,iid,0.5,federated,fedavg,logistic,federated_sigmoid,calib_f1_optimal,FN,2739.3333333333335,314.3729208016068,2383.5868840498897,3095.0797826167773,3
cdc,audit,3,iid,0.5,federated,fedavg,logistic,federated_sigmoid,calib_f1_optimal,FP,7476.0,1013.1480642038458,6329.515037109804,8622.484962890196,3
cdc,audit,3,iid,0.5,federated,fedavg,logistic,federated_sigmoid,calib_f1_optimal,TN,36191.0,1013.1480642038458,35044.515037109806,37337.484962890194,3
cdc,audit,3,iid,0.5,federated,fedavg,logistic,federated_sigmoid,calib_f1_optimal,TP,4329.666666666667,314.37292080160677,3973.920217383223,4685.41311595011,3
cdc,audit,3,iid,0.5,federated,fedavg,logistic,global_isotonic,calib_f1_optimal,FN,2778.3333333333335,268.4703583886559,2474.530523310487,3082.13614335618,3
cdc,audit,3,iid,0.5,federated,fedavg,logistic,global_isotonic,calib_f1_optimal,FP,7337.0,850.5521735907798,6374.509608290382,8299.490391709618,3
cdc,audit,3,iid,0.5,federated,fedavg,logistic,global_isotonic,calib_f1_optimal,TN,36330.0,850.5521735907798,35367.509608290384,37292.490391709616,3
cdc,audit,3,iid,0.5,federated,fedavg,logistic,global_isotonic,calib_f1_optimal,TP,4290.666666666667,268.4703583886559,3986.8638566438203,4594.469476689514,3
cdc,audit,3,iid,0.5,federated,fedavg,logistic,global_sigmoid,calib_f1_optimal,FN,2727.6666666666665,317.25751895476543,2368.655987283572,3086.677346049761,3
cdc,audit,3,iid,0.5,federated,fedavg,logistic,global_sigmoid,calib_f1_optimal,FP,7515.333333333333,1036.396320590407,6342.540491760516,8688.12617490615,3
cdc,audit,3,iid,0.5,federated,fedavg,logistic,global_sigmoid,calib_f1_optimal,TN,36151.666666666664,1036.396320590407,34978.87382509385,37324.45950823948,3
cdc,audit,3,iid,0.5,federated,fedavg,logistic,global_sigmoid,calib_f1_optimal,TP,4341.333333333333,317.25751895476543,3982.3226539502384,4700.344012716428,3
cdc,audit,3,iid,0.5,federated,fedavg,logistic,none,calib_f1_optimal,FN,2712.6666666666665,332.9929929192705,2335.8496222302747,3089.4837111030583,3
cdc,audit,3,iid,0.5,federated,fedavg,logistic,none,calib_f1_optimal,FP,7576.0,1089.5774410293195,6343.027055392807,8808.972944607194,3
cdc,audit,3,iid,0.5,federated,fedavg,logistic,none,calib_f1_optimal,TN,36091.0,1089.5774410293195,34858.027055392806,37323.972944607194,3
cdc,audit,3,iid,0.5,federated,fedavg,logistic,none,calib_f1_optimal,TP,4356.333333333333,332.9929929192705,3979.516288896941,4733.150377769725,3
cdc,audit,3,iid,0.5,federated,fedprox,logistic,federated_isotonic,calib_f1_optimal,FN,2768.0,212.20508947713765,2527.8673355552532,3008.1326644447468,3
cdc,audit,3,iid,0.5,federated,fedprox,logistic,federated_isotonic,calib_f1_optimal,FP,7395.0,623.0024077000024,6690.006408728893,8099.993591271107,3
cdc,audit,3,iid,0.5,federated,fedprox,logistic,federated_isotonic,calib_f1_optimal,TN,36272.0,623.0024077000024,35567.00640872889,36976.99359127111,3
cdc,audit,3,iid,0.5,federated,fedprox,logistic,federated_isotonic,calib_f1_optimal,TP,4301.0,212.20508947713765,4060.8673355552532,4541.132664444746,3
cdc,audit,3,iid,0.5,federated,fedprox,logistic,federated_sigmoid,calib_f1_optimal,FN,2741.0,313.59687498442963,2386.1317292289996,3095.8682707710004,3
cdc,audit,3,iid,0.5,federated,fedprox,logistic,federated_sigmoid,calib_f1_optimal,FP,7475.666666666667,1011.8410613003078,6330.660716793722,8620.672616539612,3
cdc,audit,3,iid,0.5,federated,fedprox,logistic,federated_sigmoid,calib_f1_optimal,TN,36191.333333333336,1011.8410613003078,35046.32738346039,37336.33928320628,3
cdc,audit,3,iid,0.5,federated,fedprox,logistic,federated_sigmoid,calib_f1_optimal,TP,4328.0,313.59687498442963,3973.1317292289996,4682.868270771,3
cdc,audit,3,iid,0.5,federated,fedprox,logistic,global_isotonic,calib_f1_optimal,FN,2779.0,271.4019159843939,2471.8798202657467,3086.1201797342533,3
cdc,audit,3,iid,0.5,federated,fedprox,logistic,global_isotonic,calib_f1_optimal,FP,7335.0,860.9128875792254,6360.785356710339,8309.21464328966,3
cdc,audit,3,iid,0.5,federated,fedprox,logistic,global_isotonic,calib_f1_optimal,TN,36332.0,860.9128875792254,35357.78535671034,37306.21464328966,3
cdc,audit,3,iid,0.5,federated,fedprox,logistic,global_isotonic,calib_f1_optimal,TP,4290.0,271.4019159843939,3982.8798202657467,4597.120179734253,3
cdc,audit,3,iid,0.5,federated,fedprox,logistic,global_sigmoid,calib_f1_optimal,FN,2712.0,332.5913408373706,2335.637467681315,3088.362532318685,3
cdc,audit,3,iid,0.5,federated,fedprox,logistic,global_sigmoid,calib_f1_optimal,FP,7580.0,1087.8607447646964,6348.969680091781,8811.03031990822,3
cdc,audit,3,iid,0.5,federated,fedprox,logistic,global_sigmoid,calib_f1_optimal,TN,36087.0,1087.8607447646964,34855.96968009178,37318.03031990822,3
cdc,audit,3,iid,0.5,federated,fedprox,logistic,global_sigmoid,calib_f1_optimal,TP,4357.0,332.5913408373706,3980.637467681315,4733.362532318685,3
cdc,audit,3,iid,0.5,federated,fedprox,logistic,none,calib_f1_optimal,FN,2714.0,331.62026476076517,2338.736343708409,3089.263656291591,3
cdc,audit,3,iid,0.5,federated,fedprox,logistic,none,calib_f1_optimal,FP,7574.0,1084.3011574281381,6346.997732357433,8801.002267642567,3
cdc,audit,3,iid,0.5,federated,fedprox,logistic,none,calib_f1_optimal,TN,36093.0,1084.3011574281381,34865.997732357435,37320.002267642565,3
cdc,audit,3,iid,0.5,federated,fedprox,logistic,none,calib_f1_optimal,TP,4355.0,331.62026476076517,3979.736343708409,4730.263656291591,3
cdc,audit,3,non_iid,0.5,federated,fedavg,logistic,federated_isotonic,calib_f1_optimal,FN,2874.3333333333335,97.07900562600203,2764.4780968729,2984.188569793767,3
cdc,audit,3,non_iid,0.5,federated,fedavg,logistic,federated_isotonic,calib_f1_optimal,FP,7102.333333333333,230.98556953483768,6840.948555063612,7363.718111603054,3
cdc,audit,3,non_iid,0.5,federated,fedavg,logistic,federated_isotonic,calib_f1_optimal,TN,36564.666666666664,230.98556953483768,36303.281888396945,36826.05144493638,3
cdc,audit,3,non_iid,0.5,federated,fedavg,logistic,federated_isotonic,calib_f1_optimal,TP,4194.666666666667,97.07900562600203,4084.8114302062336,4304.521903127101,3
cdc,audit,3,non_iid,0.5,federated,fedavg,logistic,federated_sigmoid,calib_f1_optimal,FN,2915.3333333333335,366.21896910637133,2500.9175573573484,3329.7491093093186,3
cdc,audit,3,non_iid,0.5,federated,fedavg,logistic,federated_sigmoid,calib_f1_optimal,FP,6976.333333333333,1109.178224332471,5721.180014393991,8231.486652272675,3
cdc,audit,3,non_iid,0.5,federated,fedavg,logistic,federated_sigmoid,calib_f1_optimal,TN,36690.666666666664,1109.178224332471,35435.51334772732,37945.81998560601,3
cdc,audit,3,non_iid,0.5,federated,fedavg,logistic,federated_sigmoid,calib_f1_optimal,TP,4153.666666666667,366.21896910637133,3739.250890690682,4568.082442642652,3
cdc,audit,3,non_iid,0.5,federated,fedavg,logistic,global_isotonic,calib_f1_optimal,FN,2943.6666666666665,247.7444920343,2663.317382300816,3224.015951032517,3
cdc,audit,3,non_iid,0.5,federated,fedavg,logistic,global_isotonic,calib_f1_optimal,FP,6861.0,698.1998281294547,6070.912516911366,7651.087483088634,3
cdc,audit,3,non_iid,0.5,federated,fedavg,logistic,global_isotonic,calib_f1_optimal,TN,36806.0,698.1998281294547,36015.91251691137,37596.08748308863,3
cdc,audit,3,non_iid,0.5,federated,fedavg,logistic,global_isotonic,calib_f1_optimal,TP,4125.333333333333,247.74449203429998,3844.9840489674825,4405.6826176991835,3
cdc,audit,3,non_iid,0.5,federated,fedavg,logistic,global_sigmoid,calib_f1_optimal,FN,2980.3333333333335,255.50016307887816,2691.2076809874297,3269.4589856792372,3
cdc,audit,3,non_iid,0.5,federated,fedavg,logistic,global_sigmoid,calib_f1_optimal,FP,6757.333333333333,733.3330303029676,5927.488889329251,7587.177777337415,3
cdc,audit,3,non_iid,0.5,federated,fedavg,logistic,global_sigmoid,calib_f1_optimal,TN,36909.666666666664,733.3330303029676,36079.82222266258,37739.51111067075,3
cdc,audit,3,non_iid,0.5,federated,fedavg,logistic,global_sigmoid,calib_f1_optimal,TP,4088.6666666666665,255.50016307887816,3799.5410143207628,4377.79231901257,3
cdc,audit,3,non_iid,0.5,federated,fedavg,logistic,none,calib_f1_optimal,FN,2915.0,365.9057255632932,2500.9386924620944,3329.0613075379056,3
cdc,audit,3,non_iid,0.5,federated,fedavg,logistic,none,calib_f1_optimal,FP,6977.333333333333,1109.1444150034447,5722.218273251412,8232.448393415254,3
cdc,audit,3,non_iid,0.5,federated,fedavg,logistic,none,calib_f1_optimal,TN,36689.666666666664,1109.1444150034447,35434.55160658474,37944.78172674859,3
cdc,audit,3,non_iid,0.5,federated,fedavg,logistic,none,calib_f1_optimal,TP,4154.0,365.9057255632932,3739.9386924620944,4568.061307537906,3
cdc,audit,3,non_iid,0.5,federated,fedprox,logistic,federated_isotonic,calib_f1_optimal,FN,2916.6666666666665,203.21499288520357,2686.707254209212,3146.626079124121,3
cdc,audit,3,non_iid,0.5,federated,fedprox,logistic,federated_isotonic,calib_f1_optimal,FP,6955.666666666667,563.6349291281844,6317.853701675274,7593.47963165806,3
cdc,audit,3,non_iid,0.5,federated,fedprox,logistic,federated_isotonic,calib_f1_optimal,TN,36711.333333333336,563.6349291281842,36073.520368341946,37349.146298324726,3
cdc,audit,3,non_iid,0.5,federated,fedprox,logistic,federated_isotonic,calib_f1_optimal,TP,4152.333333333333,203.21499288520354,3922.3739208758784,4382.292745790788,3
cdc,audit,3,non_iid,0.5,federated,fedprox,logistic,federated_sigmoid,calib_f1_optimal,FN,3024.0,177.5837830433849,2823.0450319101315,3224.9549680898685,3
cdc,audit,3,non_iid,0.5,federated,fedprox,logistic,federated_sigmoid,calib_f1_optimal,FP,6617.333333333333,486.553525661189,6066.746187662661,7167.920479004005,3
cdc,audit,3,non_iid,0.5,federated,fedprox,logistic,federated_sigmoid,calib_f1_optimal,TN,37049.666666666664,486.553525661189,36499.07952099599,37600.25381233734,3
cdc,audit,3,non_iid,0.5,federated,fedprox,logistic,federated_sigmoid,calib_f1_optimal,TP,4045.0,177.5837830433849,3844.0450319101315,4245.954968089868,3
cdc,audit,3,non_iid,0.5,federated,fedprox,logistic,global_isotonic,calib_f1_optimal,FN,2881.6666666666665,134.5151788213261,2729.4484122496033,3033.8849210837298,3
cdc,audit,3,non_iid,0.5,federated,fedprox,logistic,global_isotonic,calib_f1_optimal,FP,7045.666666666667,392.7369772931158,6601.242939527302,7490.090393806032,3
cdc,audit,3,non_iid,0.5,federated,fedprox,logistic,global_isotonic,calib_f1_optimal,TN,36621.333333333336,392.7369772931158,36176.90960619397,37065.7570604727,3
cdc,audit,3,non_iid,0.5,federated,fedprox,logistic,global_isotonic,calib_f1_optimal,TP,4187.333333333333,134.5151788213261,4035.11507891627,4339.551587750396,3
cdc,audit,3,non_iid,0.5,federated,fedprox,logistic,global_sigmoid,calib_f1_optimal,FN,2977.0,257.8740002404275,2685.1880980265996,3268.8119019734004,3
cdc,audit,3,non_iid,0.5,federated,fedprox,logistic,global_sigmoid,calib_f1_optimal,FP,6763.333333333333,738.5129202209893,5927.627292085707,7599.039374580959,3
cdc,audit,3,non_iid,0.5,federated,fedprox,logistic,global_sigmoid,calib_f1_optimal,TN,36903.666666666664,738.5129202209894,36067.96062541904,37739.37270791429,3
cdc,audit,3,non_iid,0.5,federated,fedprox,logistic,global_sigmoid,calib_f1_optimal,TP,4092.0,257.8740002404275,3800.1880980265996,4383.8119019734,3
cdc,audit,3,non_iid,0.5,federated,fedprox,logistic,none,calib_f1_optimal,FN,2915.3333333333335,365.37971116816726,2501.86726711857,3328.799399548097,3
cdc,audit,3,non_iid,0.5,federated,fedprox,logistic,none,calib_f1_optimal,FP,6976.333333333333,1110.0262759652733,5720.220353630561,8232.446313036105,3
cdc,audit,3,non_iid,0.5,federated,fedprox,logistic,none,calib_f1_optimal,TN,36690.666666666664,1110.0262759652733,35434.55368696389,37946.77964636944,3
cdc,audit,3,non_iid,0.5,federated,fedprox,logistic,none,calib_f1_optimal,TP,4153.666666666667,365.37971116816726,3740.2006004519035,4567.1327328814305,3
cdc,audit,5,iid,0.5,federated,fedavg,logistic,federated_isotonic,calib_f1_optimal,FN,2812.3333333333335,367.39125375181885,2396.5909924003413,3228.0756742663257,3
cdc,audit,5,iid,0.5,federated,fedavg,logistic,federated_isotonic,calib_f1_optimal,FP,7311.666666666667,1138.3849671061778,6023.462806954323,8599.87052637901,3
cdc,audit,5,iid,0.5,federated,fedavg,logistic,federated_isotonic,calib_f1_optimal,TN,36355.333333333336,1138.3849671061778,35067.12947362099,37643.53719304568,3
cdc,audit,5,iid,0.5,federated,fedavg,logistic,federated_isotonic,calib_f1_optimal,TP,4256.666666666667,367.3912537518188,3840.924325733675,4672.409007599659,3
cdc,audit,5,iid,0.5,federated,fedavg,logistic,federated_sigmoid,calib_f1_optimal,FN,2743.0,303.5012355823284,2399.556020676831,3086.443979323169,3
cdc,audit,5,iid,0.5,federated,fedavg,logistic,federated_sigmoid,calib_f1_optimal,FP,7463.0,983.5995119966256,6349.952371668969,8576.04762833103,3
cdc,audit,5,iid,0.5,federated,fedavg,logistic,federated_sigmoid,calib_f1_optimal,TN,36204.0,983.5995119966256,35090.952371668965,37317.047628331035,3
cdc,audit,5,iid,0.5,federated,fedavg,logistic,federated_sigmoid,calib_f1_optimal,TP,4326.0,303.5012355823284,3982.556020676831,4669.443979323169,3
cdc,audit,5,iid,0.5,federated,fedavg,logistic,global_isotonic,calib_f1_optimal,FN,2967.6666666666665,258.03940267589627,2675.667594217607,3259.665739115726,3
cdc,audit,5,iid,0.5,federated,fedavg,logistic,global_isotonic,calib_f1_optimal,FP,6747.666666666667,726.9280111079318,5925.070184193165,7570.263149140169,3
cdc,audit,5,iid,0.5,federated,fedavg,logistic,global_isotonic,calib_f1_optimal,TN,36919.333333333336,726.9280111079318,36096.73685085984,37741.929815806834,3
cdc,audit,5,iid,0.5,federated,fedavg,logistic,global_isotonic,calib_f1_optimal,TP,4101.333333333333,258.03940267589627,3809.3342608842736,4393.332405782393,3
cdc,audit,5,iid,0.5,federated,fedavg,logistic,global_sigmoid,calib_f1_optimal,FN,2743.3333333333335,299.2863734508027,2404.658919511182,3082.007747155485,3
cdc,audit,5,iid,0.5,federated,fedavg,logistic,global_sigmoid,calib_f1_optimal,FP,7460.0,972.9640281120367,6358.987554657078,8561.012445342922,3
cdc,audit,5,iid,0.5,federated,fedavg,logistic,global_sigmoid,calib_f1_optimal,TN,36207.0,972.9640281120367,35105.98755465708,37308.01244534292,3
cdc,audit,5,iid,0.5,federated,fedavg,logistic,global_sigmoid,calib_f1_optimal,TP,4325.666666666667,299.28637345080267,3986.992252844516,4664.341080488818,3
cdc,audit,5,iid,0.5,federated,fedavg,logistic,none,calib_f1_optimal,FN,2725.3333333333335,317.91875272360596,2365.574397501142,3085.092269165525,3
cdc,audit,5,iid,0.5,federated,fedavg,logistic,none,calib_f1_optimal,FP,7529.333333333333,1036.6302780323047,6356.275743992081,8702.390922674585,3
cdc,audit,5,iid,0.5,federated,fedavg,logistic,none,calib_f1_optimal,TN,36137.666666666664,1036.6302780323047,34964.60907732541,37310.72425600792,3
cdc,audit,5,iid,0.5,federated,fedavg,logistic,none,calib_f1_optimal,TP,4343.666666666667,317.918752723606,3983.907730834475,4703.425602498859,3
cdc,audit,5,iid,0.5,federated,fedprox,logistic,federated_isotonic,calib_f1_optimal,FN,2611.6666666666665,387.52333263086666,2173.1427338597505,3050.1905994735826,3
cdc,audit,5,iid,0.5,federated,fedprox,logistic,federated_isotonic,calib_f1_optimal,FP,7936.333333333333,1263.754063626833,6506.260985637439,9366.405681029226,3
cdc,audit,5,iid,0.5,federated,fedprox,logistic,federated_isotonic,calib_f1_optimal,TN,35730.666666666664,1263.754063626833,34300.59431897077,37160.73901436256,3
cdc,audit,5,iid,0.5,federated,fedprox,logistic,federated_isotonic,calib_f1_optimal,TP,4457.333333333333,387.52333263086666,4018.809400526417,4895.857266140249,3
cdc,audit,5,iid,0.5,federated,fedprox,logistic,federated_sigmoid,calib_f1_optimal,FN,2745.3333333333335,300.1038709069467,2405.7338340535034,3084.9328326131636,3
cdc,audit,5,iid,0.5,federated,fedprox,logistic,federated_sigmoid,calib_f1_optimal,FP,7446.333333333333,962.117109988869,6357.595331343057,8535.07133532361,3
cdc,audit,5,iid,0.5,federated,fedprox,logistic,federated_sigmoid,calib_f1_optimal,TN,36220.666666666664,962.117109988869,35131.92866467639,37309.40466865694,3
cdc,audit,5,iid,0.5,federated,fedprox,logistic,federated_sigmoid,calib_f1_optimal,TP,4323.666666666667,300.1038709069467,3984.0671673868374,4663.266165946497,3
cdc,audit,5,iid,0.5,federated,fedprox,logistic,global_isotonic,calib_f1_optimal,FN,2978.6666666666665,239.0759990742135,2708.1267055190056,3249.2066278143275,3
cdc,audit,5,iid,0.5,federated,fedprox,logistic,global_isotonic,calib_f1_optimal,FP,6714.666666666667,668.0421643379506,5958.705792782017,7470.627540551317,3
cdc,audit,5,iid,0.5,federated,fedprox,logistic,global_isotonic,calib_f1_optimal,TN,36952.333333333336,668.0421643379506,36196.372459448685,37708.29420721799,3
cdc,audit,5,iid,0.5,federated,fedprox,logistic,global_isotonic,calib_f1_optimal,TP,4090.3333333333335,239.0759990742135,3819.7933721856725,4360.873294480994,3
cdc,audit,5,iid,0.5,federated,fedprox,logistic,global_sigmoid,calib_f1_optimal,FN,2747.0,294.7761862837634,2413.4293434168208,3080.5706565831792,3
cdc,audit,5,iid,0.5,federated,fedprox,logistic,global_sigmoid,calib_f1_optimal,FP,7448.666666666667,958.453615639971,6364.074298795473,8533.259034537861,3
cdc,audit,5,iid,0.5,federated,fedprox,logistic,global_sigmoid,calib_f1_optimal,TN,36218.333333333336,958.453615639971,35133.740965462144,37302.92570120453,3
cdc,audit,5,iid,0.5,federated,fedprox,logistic,global_sigmoid,calib_f1_optimal,TP,4322.0,294.7761862837634,3988.4293434168208,4655.57065658318,3
cdc,audit,5,iid,0.5,federated,fedprox,logistic,none,calib_f1_optimal,FN,2733.3333333333335,310.1456647018193,2382.3704746462954,3084.2961920203716,3
cdc,audit,5,iid,0.5,federated,fedprox,logistic,none,calib_f1_optimal,FP,7496.666666666667,1005.4075458903883,6358.940924827078,8634.392408506257,3
cdc,audit,5,iid,0.5,federated,fedprox,logistic,none,calib_f1_optimal,TN,36170.333333333336,1005.4075458903883,35032.60759149375,37308.059075172925,3
cdc,audit,5,iid,0.5,federated,fedprox,logistic,none,calib_f1_optimal,TP,4335.666666666667,310.1456647018193,3984.703807979629,4686.629525353705,3
cdc,audit,5,non_iid,0.5,federated,fedavg,logistic,federated_isotonic,calib_f1_optimal,FN,2658.3333333333335,256.26613770323485,2368.3408991025226,2948.3257675641444,3
cdc,audit,5,non_iid,0.5,federated,fedavg,logistic,federated_isotonic,calib_f1_optimal,FP,7761.333333333333,808.1821164399354,6846.78917487089,8675.877491795776,3
cdc,audit,5,non_iid,0.5,federated,fedavg,logistic,federated_isotonic,calib_f1_optimal,TN,35905.666666666664,808.1821164399355,34991.12250820422,36820.21082512911,3
cdc,audit,5,non_iid,0.5,federated,fedavg,logistic,federated_isotonic,calib_f1_optimal,TP,4410.666666666667,256.26613770323485,4120.6742324358565,4700.659100897477,3
cdc,audit,5,non_iid,0.5,federated,fedavg,logistic,federated_sigmoid,calib_f1_optimal,FN,2762.3333333333335,301.71233540134443,2420.913685132212,3103.752981534455,3
cdc,audit,5,non_iid,0.5,federated,fedavg,logistic,federated_sigmoid,calib_f1_optimal,FP,7438.0,986.5353516220288,6321.630156384841,8554.369843615159,3
cdc,audit,5,non_iid,0.5,federated,fedavg,logistic,federated_sigmoid,calib_f1_optimal,TN,36229.0,986.5353516220288,35112.63015638484,37345.36984361516,3
cdc,audit,5,non_iid,0.5,federated,fedavg,logistic,federated_sigmoid,calib_f1_optimal,TP,4306.666666666667,301.7123354013444,3965.2470184655454,4648.086314867789,3
cdc,audit,5,non_iid,0.5,federated,fedavg,logistic,global_isotonic,calib_f1_optimal,FN,2807.0,254.63503293930316,2518.8533345672727,3095.1466654327273,3
cdc,audit,5,non_iid,0.5,federated,fedavg,logistic,global_isotonic,calib_f1_optimal,FP,7269.333333333333,834.5515761972613,6324.949322079907,8213.71734458676,3
cdc,audit,5,non_iid,0.5,federated,fedavg,logistic,global_isotonic,calib_f1_optimal,TN,36397.666666666664,834.5515761972613,35453.28265541324,37342.05067792009,3
cdc,audit,5,non_iid,0.5,federated,fedavg,logistic,global_isotonic,calib_f1_optimal,TP,4262.0,254.63503293930316,3973.8533345672727,4550.146665432727,3
cdc,audit,5,non_iid,0.5,federated,fedavg,logistic,global_sigmoid,calib_f1_optimal,FN,2794.0,258.28085488475523,2501.7276986552893,3086.2723013447107,3
cdc,audit,5,non_iid,0.5,federated,fedavg,logistic,global_sigmoid,calib_f1_optimal,FP,7310.0,846.2145118112783,6352.418134674638,8267.581865325363,3
cdc,audit,5,non_iid,0.5,federated,fedavg,logistic,global_sigmoid,calib_f1_optimal,TN,36357.0,846.2145118112783,35399.41813467464,37314.58186532536,3
cdc,audit,5,non_iid,0.5,federated,fedavg,logistic,global_sigmoid,calib_f1_optimal,TP,4275.0,258.28085488475523,3982.7276986552893,4567.27230134471,3
cdc,audit,5,non_iid,0.5,federated,fedavg,logistic,none,calib_f1_optimal,FN,2778.3333333333335,287.9415449936555,2452.4968014479246,3104.1698652187424,3
cdc,audit,5,non_iid,0.5,federated,fedavg,logistic,none,calib_f1_optimal,FP,7353.333333333333,941.7071377733809,6287.691389130476,8418.97527753619,3
cdc,audit,5,non_iid,0.5,federated,fedavg,logistic,none,calib_f1_optimal,TN,36313.666666666664,941.7071377733809,35248.02472246381,37379.30861086952,3
cdc,audit,5,non_iid,0.5,federated,fedavg,logistic,none,calib_f1_optimal,TP,4290.666666666667,287.9415449936555,3964.830134781258,4616.503198552076,3
cdc,audit,5,non_iid,0.5,federated,fedprox,logistic,federated_isotonic,calib_f1_optimal,FN,2725.6666666666665,215.0635564974534,2482.2993422827676,2969.0339910505654,3
cdc,audit,5,non_iid,0.5,federated,fedprox,logistic,federated_isotonic,calib_f1_optimal,FP,7544.0,701.834025963404,6749.800034919836,8338.199965080164,3
cdc,audit,5,non_iid,0.5,federated,fedprox,logistic,federated_isotonic,calib_f1_optimal,TN,36123.0,701.834025963404,35328.800034919834,36917.199965080166,3
cdc,audit,5,non_iid,0.5,federated,fedprox,logistic,federated_isotonic,calib_f1_optimal,TP,4343.333333333333,215.06355649745342,4099.966008949435,4586.7006577172315,3
cdc,audit,5,non_iid,0.5,federated,fedprox,logistic,federated_sigmoid,calib_f1_optimal,FN,2762.3333333333335,302.02207424844516,2420.5631826309773,3104.1034840356897,3
cdc,audit,5,non_iid,0.5,federated,fedprox,logistic,federated_sigmoid,calib_f1_optimal,FP,7432.333333333333,985.0098138258996,6317.6897982463925,8546.976868420274,3
cdc,audit,5,non_iid,0.5,federated,fedprox,logistic,federated_sigmoid,calib_f1_optimal,TN,36234.666666666664,985.0098138258995,35120.02313157972,37349.31020175361,3
cdc,audit,5,non_iid,0.5,federated,fedprox,logistic,federated_sigmoid,calib_f1_optimal,TP,4306.666666666667,302.02207424844516,3964.896515964311,4648.436817369023,3
cdc,audit,5,non_iid,0.5,federated,fedprox,logistic,global_isotonic,calib_f1_optimal,FN,2744.0,309.74667068428676,2393.48864554768,3094.51135445232,3
cdc,audit,5,non_iid,0.5,federated,fedprox,logistic,global_isotonic,calib_f1_optimal,FP,7489.666666666667,1035.8389514462822,6317.50454765563,8661.828785677704,3
cdc,audit,5,non_iid,0.5,federated,fedprox,logistic,global_isotonic,calib_f1_optimal,TN,36177.333333333336,1035.8389514462822,35005.1712143223,37349.495452344374,3
cdc,audit,5,non_iid,0.5,federated,fedprox,logistic,global_isotonic,calib_f1_optimal,TP,4325.0,309.74667068428676,3974.48864554768,4675.51135445232,3
cdc,audit,5,non_iid,0.5,federated,fedprox,logistic,global_sigmoid,calib_f1_optimal,FN,2791.0,260.82369524259104,2495.850203907688,3086.149796092312,3
cdc,audit,5,non_iid,0.5,federated,fedprox,logistic,global_sigmoid,calib_f1_optimal,FP,7312.333333333333,852.5000488758538,6347.638713236152,8277.027953430514,3
cdc,audit,5,non_iid,0.5,federated,fedprox,logistic,global_sigmoid,calib_f1_optimal,TN,36354.666666666664,852.5000488758538,35389.972046569485,37319.361286763844,3
cdc,audit,5,non_iid,0.5,federated,fedprox,logistic,global_sigmoid,calib_f1_optimal,TP,4278.0,260.82369524259104,3982.850203907688,4573.149796092312,3
cdc,audit,5,non_iid,0.5,federated,fedprox,logistic,none,calib_f1_optimal,FN,2775.3333333333335,286.7339068427962,2450.86337266243,3099.803294004237,3
cdc,audit,5,non_iid,0.5,federated,fedprox,logistic,none,calib_f1_optimal,FP,7365.0,943.7632118280517,6297.031388975625,8432.968611024375,3
cdc,audit,5,non_iid,0.5,federated,fedprox,logistic,none,calib_f1_optimal,TN,36302.0,943.7632118280517,35234.03138897562,37369.96861102438,3
cdc,audit,5,non_iid,0.5,federated,fedprox,logistic,none,calib_f1_optimal,TP,4293.666666666667,286.7339068427962,3969.1967059957633,4618.136627337571,3
cdc,audit,shared,shared,shared,centralized,not_applicable,gradient_boosting,isotonic,calib_f1_optimal,FN,2706.0,210.54453210663058,2467.7464331151928,2944.2535668848072,3
cdc,audit,shared,shared,shared,centralized,not_applicable,gradient_boosting,isotonic,calib_f1_optimal,FP,7157.333333333333,695.7710351353621,6369.994288251031,7944.672378415635,3
cdc,audit,shared,shared,shared,centralized,not_applicable,gradient_boosting,isotonic,calib_f1_optimal,TN,36509.666666666664,695.7710351353621,35722.327621584365,37297.00571174896,3
cdc,audit,shared,shared,shared,centralized,not_applicable,gradient_boosting,isotonic,calib_f1_optimal,TP,4363.0,210.54453210663058,4124.746433115192,4601.253566884808,3
cdc,audit,shared,shared,shared,centralized,not_applicable,gradient_boosting,none,calib_f1_optimal,FN,3045.0,86.23804264940155,2947.4124680094837,3142.5875319905163,3
cdc,audit,shared,shared,shared,centralized,not_applicable,gradient_boosting,none,calib_f1_optimal,FP,6130.0,200.08248299139032,5903.585356186192,6356.414643813808,3
cdc,audit,shared,shared,shared,centralized,not_applicable,gradient_boosting,none,calib_f1_optimal,TN,37537.0,200.08248299139032,37310.585356186195,37763.414643813805,3
cdc,audit,shared,shared,shared,centralized,not_applicable,gradient_boosting,none,calib_f1_optimal,TP,4024.0,86.23804264940155,3926.4124680094837,4121.587531990516,3
cdc,audit,shared,shared,shared,centralized,not_applicable,gradient_boosting,sigmoid,calib_f1_optimal,FN,2872.3333333333335,389.68876469989914,2431.3589834620007,3313.3076832046663,3
cdc,audit,shared,shared,shared,centralized,not_applicable,gradient_boosting,sigmoid,calib_f1_optimal,FP,6694.0,1262.5751462784303,5265.261722871073,8122.738277128927,3
cdc,audit,shared,shared,shared,centralized,not_applicable,gradient_boosting,sigmoid,calib_f1_optimal,TN,36973.0,1262.5751462784303,35544.26172287107,38401.73827712893,3
cdc,audit,shared,shared,shared,centralized,not_applicable,gradient_boosting,sigmoid,calib_f1_optimal,TP,4196.666666666667,389.6887646998991,3755.6923167953346,4637.641016537999,3
cdc,audit,shared,shared,shared,centralized,not_applicable,xgboost,isotonic,calib_f1_optimal,FN,2948.3333333333335,263.9116013617691,2649.6892425199076,3246.9774241467594,3
cdc,audit,shared,shared,shared,centralized,not_applicable,xgboost,isotonic,calib_f1_optimal,FP,6398.0,670.9105752632015,5638.793213588463,7157.206786411537,3
cdc,audit,shared,shared,shared,centralized,not_applicable,xgboost,isotonic,calib_f1_optimal,TN,37269.0,670.9105752632015,36509.79321358846,38028.20678641154,3
cdc,audit,shared,shared,shared,centralized,not_applicable,xgboost,isotonic,calib_f1_optimal,TP,4120.666666666667,263.9116013617691,3822.022575853241,4419.310757480092,3
cdc,audit,shared,shared,shared,centralized,not_applicable,xgboost,none,calib_f1_optimal,FN,2847.0,100.37429949942366,2733.415787482004,2960.584212517996,3
cdc,audit,shared,shared,shared,centralized,not_applicable,xgboost,none,calib_f1_optimal,FP,6699.333333333333,378.3878081193068,6271.147219696854,7127.519446969812,3
cdc,audit,shared,shared,shared,centralized,not_applicable,xgboost,none,calib_f1_optimal,TN,36967.666666666664,378.3878081193068,36539.48055303019,37395.85278030314,3
cdc,audit,shared,shared,shared,centralized,not_applicable,xgboost,none,calib_f1_optimal,TP,4222.0,100.37429949942366,4108.415787482004,4335.584212517996,3
cdc,audit,shared,shared,shared,centralized,not_applicable,xgboost,sigmoid,calib_f1_optimal,FN,2901.6666666666665,151.26907593204018,2730.489592916185,3072.843740417148,3
cdc,audit,shared,shared,shared,centralized,not_applicable,xgboost,sigmoid,calib_f1_optimal,FP,6519.333333333333,555.4289633547511,5890.806292776516,7147.86037389015,3
cdc,audit,shared,shared,shared,centralized,not_applicable,xgboost,sigmoid,calib_f1_optimal,TN,37147.666666666664,555.4289633547511,36519.13962610985,37776.19370722348,3
cdc,audit,shared,shared,shared,centralized,not_applicable,xgboost,sigmoid,calib_f1_optimal,TP,4167.333333333333,151.26907593204018,3996.1562595828514,4338.510407083814,3
